"Date","Price","Open","High","Low","Vol.","Change %"
"01/01/2021","82.575","81.462","82.602","81.462","0.49K","0.12%"
"12/31/2020","82.480","83.006","83.119","82.459","30.42K","-0.59%"
"12/30/2020","82.967","83.033","83.237","82.673","40.00K","0.01%"
"12/29/2020","82.955","82.703","83.090","82.617","35.00K","0.32%"
"12/28/2020","82.692","82.705","82.832","82.410","34.13K","0.02%"
"12/25/2020","82.675","82.572","82.761","82.510","2.71K","0.20%"
"12/24/2020","82.509","83.081","83.285","82.451","45.52K","-0.66%"
"12/23/2020","83.056","83.006","83.254","82.745","36.71K","0.09%"
"12/22/2020","82.979","83.576","83.652","82.926","50.35K","-0.70%"
"12/21/2020","83.560","83.286","83.704","82.799","43.39K","0.36%"
"12/18/2020","83.262","83.117","83.353","82.891","34.39K","0.19%"
"12/17/2020","83.102","83.209","83.416","82.949","50.60K","-0.03%"
"12/16/2020","83.123","83.046","83.374","82.812","52.59K","0.12%"
"12/15/2020","83.020","83.045","83.239","82.859","32.50K","-0.02%"
"12/14/2020","83.038","82.964","83.159","82.640","34.62K","0.19%"
"12/11/2020","82.877","83.276","83.297","82.759","35.03K","-0.40%"
"12/10/2020","83.209","82.894","83.276","82.783","38.16K","0.38%"
"12/09/2020","82.897","82.902","82.994","82.681","33.77K","0.01%"
"12/08/2020","82.887","82.891","82.972","82.609","34.46K","0.01%"
"12/07/2020","82.876","82.717","83.208","82.618","40.53K","0.28%"
"12/04/2020","82.641","82.893","83.007","82.658","41.07K","-0.27%"
"12/03/2020","82.868","82.471","82.991","82.374","43.72K","0.53%"
"12/02/2020","82.432","81.702","82.490","81.608","43.74K","0.96%"
"12/01/2020","81.646","81.412","81.730","80.952","54.12K","0.34%"
"11/30/2020","81.370","81.759","82.019","81.368","37.91K","-0.45%"
"11/27/2020","81.739","81.438","81.892","81.318","45.11K","0.43%"
"11/26/2020","81.393","81.247","81.491","81.180","34.35K","0.22%"
"11/25/2020","81.216","81.289","81.388","80.862","48.31K","-0.07%"
"11/24/2020","81.270","81.368","81.448","80.981","55.82K","-0.09%"
"11/23/2020","81.343","81.343","81.661","81.159","43.27K","0.02%"
"11/20/2020","81.323","81.368","81.603","81.209","53.08K","0.00%"
"11/19/2020","81.321","81.348","81.597","81.201","41.91K","0.00%"
"11/18/2020","81.323","81.720","81.836","81.297","41.54K","-0.46%"
"11/17/2020","81.700","81.508","81.969","81.425","37.96K","0.30%"
"11/16/2020","81.457","81.716","81.916","81.346","36.95K","-0.26%"
"11/13/2020","81.666","81.645","81.778","81.376","39.15K","0.08%"
"11/12/2020","81.600","81.166","81.777","81.109","52.19K","0.60%"
"11/11/2020","81.115","81.174","81.315","80.928","51.54K","0.00%"
"11/10/2020","81.118","81.041","81.435","80.880","70.25K","0.12%"
"11/09/2020","81.022","82.132","82.488","80.961","94.25K","-1.32%"
"11/06/2020","82.102","81.753","82.479","81.554","99.44K","0.46%"
"11/05/2020","81.723","81.464","81.868","81.366","101.96K","0.38%"
"11/04/2020","81.416","81.803","82.091","81.124","123.92K","-0.40%"
"11/03/2020","81.746","81.087","81.870","80.822","35.18K","0.88%"
"11/02/2020","81.031","81.325","81.498","80.916","35.24K","-0.32%"
"10/30/2020","81.293","81.223","81.563","81.147","55.67K","0.08%"
"10/29/2020","81.225","81.479","81.755","81.099","48.94K","-0.28%"
"10/28/2020","81.454","81.030","81.647","80.896","47.51K","0.56%"
"10/27/2020","81.001","81.492","81.619","80.963","37.08K","-0.58%"
"10/26/2020","81.472","81.647","81.717","81.410","41.00K","-0.18%"
"10/23/2020","81.615","81.215","81.757","80.984","50.84K","0.51%"
"10/22/2020","81.204","81.281","81.409","81.076","52.28K","-0.05%"
"10/21/2020","81.243","80.985","81.661","80.924","39.48K","0.36%"
"10/20/2020","80.952","80.642","81.165","80.508","38.29K","0.50%"
"10/19/2020","80.551","80.284","80.686","80.059","28.01K","0.37%"
"10/16/2020","80.251","80.243","80.414","80.028","36.51K","0.03%"
"10/15/2020","80.223","80.165","80.477","80.134","37.64K","0.14%"
"10/14/2020","80.114","80.216","80.397","79.951","35.05K","-0.10%"
"10/13/2020","80.192","80.687","80.730","80.173","33.66K","-0.59%"
"10/12/2020","80.672","80.236","80.744","80.108","32.29K","0.60%"
"10/09/2020","80.187","79.943","80.303","79.766","30.90K","0.34%"
"10/08/2020","79.915","79.938","80.058","79.681","48.42K","0.00%"
"10/07/2020","79.915","80.001","80.183","79.804","38.74K","-0.09%"
"10/06/2020","79.985","79.883","80.427","79.809","41.94K","0.18%"
"10/05/2020","79.841","79.604","80.039","79.590","43.24K","0.43%"
"10/02/2020","79.499","79.662","79.839","79.474","50.13K","-0.20%"
"10/01/2020","79.662","79.889","80.063","79.389","49.25K","-0.24%"
"09/30/2020","79.852","80.213","80.272","79.664","51.57K","-0.43%"
"09/29/2020","80.198","79.781","80.282","79.729","37.22K","0.57%"
"09/28/2020","79.747","79.355","79.855","79.143","44.18K","0.53%"
"09/25/2020","79.326","79.760","79.834","79.260","54.92K","-0.49%"
"09/24/2020","79.720","79.628","80.090","79.550","68.05K","0.15%"
"09/23/2020","79.604","79.965","79.998","79.562","57.42K","-0.37%"
"09/22/2020","79.902","80.433","80.504","79.820","54.77K","-0.66%"
"09/21/2020","80.431","80.692","80.861","80.226","49.78K","-0.25%"
"09/18/2020","80.634","81.041","81.108","80.560","37.45K","-0.45%"
"09/17/2020","80.995","80.872","81.073","80.465","42.35K","0.19%"
"09/16/2020","80.838","81.024","81.273","80.664","42.40K","-0.24%"
"09/15/2020","81.030","80.785","81.395","80.727","35.16K","0.31%"
"09/14/2020","80.777","80.791","81.128","80.604","30.17K","0.00%"
"09/11/2020","80.781","80.650","81.030","80.615","31.69K","0.20%"
"09/10/2020","80.621","80.335","81.073","80.256","41.38K","0.39%"
"09/09/2020","80.311","80.355","80.446","80.021","37.87K","-0.02%"
"09/08/2020","80.327","80.169","80.688","79.955","54.57K","0.22%"
"09/07/2020","80.153","80.275","80.491","79.888","30.14K","-0.08%"
"09/04/2020","80.220","80.702","80.799","79.957","42.02K","-0.58%"
"09/03/2020","80.692","80.471","80.783","80.140","43.37K","0.32%"
"09/02/2020","80.435","80.276","80.493","79.942","44.93K","0.20%"
"09/01/2020","80.275","81.072","81.355","80.215","46.37K","-0.95%"
"08/31/2020","81.042","80.870","81.574","80.755","41.45K","0.23%"
"08/28/2020","80.860","81.294","81.491","80.708","49.86K","-0.51%"
"08/27/2020","81.274","81.752","81.951","81.042","49.00K","-0.51%"
"08/26/2020","81.692","81.775","81.869","81.474","40.58K","-0.05%"
"08/25/2020","81.729","81.317","81.889","81.240","42.34K","0.51%"
"08/24/2020","81.316","82.170","82.232","81.248","35.59K","-1.05%"
"08/21/2020","82.176","82.669","82.765","81.966","49.92K","-0.56%"
"08/20/2020","82.640","81.773","82.687","81.685","43.03K","1.07%"
"08/19/2020","81.763","82.504","83.027","81.743","50.57K","-0.89%"
"08/18/2020","82.498","82.432","82.827","82.378","36.59K","0.09%"
"08/17/2020","82.425","82.379","82.584","82.246","34.21K","0.08%"
"08/14/2020","82.361","82.175","82.433","82.030","36.94K","0.18%"
"08/13/2020","82.210","82.004","82.394","81.864","52.89K","0.27%"
"08/12/2020","81.989","81.392","82.146","81.095","51.89K","0.78%"
"08/11/2020","81.354","81.772","81.922","81.290","38.84K","-0.47%"
"08/10/2020","81.736","82.219","82.269","81.582","33.35K","-0.55%"
"08/07/2020","82.187","82.326","82.389","81.894","42.68K","-0.16%"
"08/06/2020","82.315","82.326","82.656","82.026","49.26K","0.00%"
"08/05/2020","82.311","82.178","82.659","81.987","42.49K","0.16%"
"08/04/2020","82.176","81.927","82.218","81.732","64.92K","0.32%"
"08/03/2020","81.913","82.210","82.224","81.358","49.52K","-0.16%"
"07/31/2020","82.046","82.382","82.645","81.884","67.30K","-0.38%"
"07/30/2020","82.362","82.121","82.395","81.760","48.27K","0.34%"
"07/29/2020","82.080","81.595","82.212","81.311","47.01K","0.59%"
"07/28/2020","81.598","81.313","81.825","81.038","44.27K","0.39%"
"07/27/2020","81.285","81.190","81.605","80.955","42.82K","0.13%"
"07/24/2020","81.179","80.838","81.234","80.766","43.07K","0.45%"
"07/23/2020","80.815","80.243","80.925","80.191","44.67K","0.74%"
"07/22/2020","80.224","79.871","80.344","79.838","36.91K","0.47%"
"07/21/2020","79.848","79.615","79.958","79.408","37.82K","0.33%"
"07/20/2020","79.587","79.794","79.914","79.518","39.62K","-0.21%"
"07/17/2020","79.757","79.522","79.886","79.356","46.26K","0.34%"
"07/16/2020","79.486","79.531","79.694","79.424","42.52K","-0.06%"
"07/15/2020","79.534","80.254","80.390","79.423","42.79K","-0.83%"
"07/14/2020","80.197","79.868","80.405","79.793","42.53K","0.44%"
"07/13/2020","79.842","79.876","80.071","79.664","38.28K","-0.06%"
"07/10/2020","79.887","79.931","80.127","79.746","37.14K","-0.03%"
"07/09/2020","79.911","79.873","80.141","79.797","41.96K","0.08%"
"07/08/2020","79.851","79.374","79.989","79.329","34.83K","0.61%"
"07/07/2020","79.369","79.214","79.554","79.155","35.65K","0.21%"
"07/06/2020","79.200","78.880","79.509","78.863","33.09K","0.39%"
"07/03/2020","78.894","79.067","79.272","78.801","34.70K","-0.19%"
"07/02/2020","79.048","79.816","79.911","78.989","39.10K","-0.94%"
"07/01/2020","79.797","79.752","79.947","79.549","44.67K","0.08%"
"06/30/2020","79.734","79.380","79.845","79.212","43.85K","0.50%"
"06/29/2020","79.340","79.768","79.969","79.274","37.65K","-0.49%"
"06/26/2020","79.732","79.708","79.891","79.487","42.67K","0.05%"
"06/25/2020","79.689","79.820","79.900","79.538","46.08K","-0.13%"
"06/24/2020","79.791","79.926","80.271","79.743","44.74K","-0.09%"
"06/23/2020","79.866","79.981","80.178","79.692","50.45K","-0.09%"
"06/22/2020","79.937","80.076","80.198","79.854","39.74K","-0.15%"
"06/19/2020","80.061","80.302","80.362","79.942","44.69K","-0.28%"
"06/18/2020","80.284","80.415","80.432","80.056","51.62K","-0.15%"
"06/17/2020","80.405","80.171","80.437","79.982","51.23K","0.35%"
"06/16/2020","80.126","80.053","80.484","79.820","52.71K","0.14%"
"06/15/2020","80.011","79.842","80.173","79.650","54.46K","0.24%"
"06/12/2020","79.820","80.452","80.771","79.596","66.22K","-0.77%"
"06/11/2020","80.443","80.134","81.040","79.977","108.23K","0.58%"
"06/10/2020","79.978","79.412","80.311","79.286","53.46K","0.74%"
"06/09/2020","79.388","78.746","79.601","78.677","52.27K","0.86%"
"06/08/2020","78.709","78.488","78.978","78.311","52.75K","0.30%"
"06/05/2020","78.477","78.969","79.108","78.335","72.26K","-0.58%"
"06/04/2020","78.936","78.333","79.068","78.265","61.65K","0.76%"
"06/03/2020","78.342","78.050","78.483","77.957","61.96K","0.42%"
"06/02/2020","78.016","78.593","78.712","77.942","55.63K","-0.69%"
"06/01/2020","78.556","78.632","78.827","78.336","48.88K","-0.08%"
"05/29/2020","78.617","78.457","78.742","78.305","74.61K","0.22%"
"05/28/2020","78.443","78.401","78.587","78.008","73.54K","0.12%"
"05/27/2020","78.352","78.156","78.434","77.793","77.87K","0.32%"
"05/26/2020","78.103","78.065","78.260","77.879","38.46K","0.08%"
"05/25/2020","78.038","78.210","78.224","77.999","27.21K","-0.19%"
"05/22/2020","78.184","77.919","78.257","77.840","41.75K","0.37%"
"05/21/2020","77.892","78.296","78.473","77.822","40.87K","-0.48%"
"05/20/2020","78.266","77.868","78.435","77.828","44.46K","0.53%"
"05/19/2020","77.851","77.940","78.065","77.711","74.87K","-0.10%"
"05/18/2020","77.926","78.047","78.277","77.553","44.84K","-0.12%"
"05/15/2020","78.017","77.582","78.213","77.453","45.87K","0.61%"
"05/14/2020","77.543","77.528","77.893","77.398","50.52K","0.06%"
"05/13/2020","77.499","77.424","77.878","77.368","48.74K","0.16%"
"05/12/2020","77.379","77.979","78.046","77.383","57.22K","-0.72%"
"05/11/2020","77.941","77.799","78.121","77.595","41.32K","0.23%"
"05/08/2020","77.765","77.897","78.088","77.395","41.58K","-0.14%"
"05/07/2020","77.872","78.052","78.123","77.479","66.10K","-0.18%"
"05/06/2020","78.015","77.835","78.176","77.627","62.02K","0.28%"
"05/05/2020","77.798","78.383","78.410","77.775","43.55K","-0.70%"
"05/04/2020","78.349","78.799","78.824","78.271","44.78K","-0.54%"
"05/01/2020","78.771","77.747","79.005","77.642","43.16K","1.31%"
"04/30/2020","77.752","77.485","77.865","76.855","57.43K","0.36%"
"04/29/2020","77.474","77.995","78.229","77.235","46.29K","-0.65%"
"04/28/2020","77.978","78.147","78.336","77.793","46.18K","-0.19%"
"04/27/2020","78.125","78.266","78.492","78.026","43.36K","-0.29%"
"04/24/2020","78.352","77.753","78.434","77.578","72.07K","0.79%"
"04/23/2020","77.740","78.640","78.719","77.604","63.40K","-1.13%"
"04/22/2020","78.625","79.381","79.438","78.543","41.74K","-0.92%"
"04/21/2020","79.359","79.115","79.571","78.876","53.20K","0.34%"
"04/20/2020","79.093","79.146","79.270","78.908","42.19K","-0.04%"
"04/17/2020","79.127","79.148","79.390","78.506","79.14K","0.02%"
"04/16/2020","79.108","79.365","79.723","78.992","67.43K","-0.31%"
"04/15/2020","79.352","79.154","79.588","78.881","80.06K","0.26%"
"04/14/2020","79.144","78.818","79.316","78.737","70.20K","0.45%"
"04/13/2020","78.790","78.586","79.317","78.468","45.84K","0.36%"
"04/10/2020","78.507","78.961","79.006","78.453","60.81K","-0.57%"
"04/09/2020","78.956","78.132","79.092","78.040","92.13K","1.08%"
"04/08/2020","78.109","78.009","78.673","77.740","81.54K","0.16%"
"04/07/2020","77.983","77.629","78.113","77.561","66.55K","0.51%"
"04/06/2020","77.589","78.027","78.115","77.589","60.21K","-0.45%"
"04/03/2020","77.943","78.488","78.545","77.683","89.37K","-0.63%"
"04/02/2020","78.434","79.126","79.184","78.343","93.49K","-0.85%"
"04/01/2020","79.104","78.400","79.167","77.789","94.13K","0.93%"
"03/31/2020","78.374","78.684","78.771","77.818","128.21K","-0.34%"
"03/30/2020","78.638","78.946","79.427","78.396","78.52K","-0.85%"
"03/27/2020","79.316","77.727","79.402","77.379","104.48K","2.08%"
"03/26/2020","77.698","78.189","78.507","77.115","91.34K","-0.56%"
"03/25/2020","78.134","77.811","78.301","77.617","103.83K","0.46%"
"03/24/2020","77.777","77.525","78.400","77.246","115.67K","0.37%"
"03/23/2020","77.490","76.489","77.916","76.148","91.79K","1.42%"
"03/20/2020","76.403","75.849","76.874","75.591","112.34K","0.75%"
"03/19/2020","75.836","77.015","77.832","75.675","148.62K","-1.47%"
"03/18/2020","76.971","77.068","77.680","76.453","89.90K","-0.09%"
"03/17/2020","77.042","78.141","78.269","76.779","92.99K","-1.37%"
"03/16/2020","78.114","77.416","79.094","77.327","82.86K","0.51%"
"03/13/2020","77.717","78.992","79.046","77.148","117.66K","-1.57%"
"03/12/2020","78.954","78.473","79.707","77.702","104.99K","0.63%"
"03/11/2020","78.458","78.849","79.332","78.358","89.12K","-0.51%"
"03/10/2020","78.863","80.186","80.255","78.786","103.95K","-1.63%"
"03/09/2020","80.172","78.938","80.602","78.912","89.35K","1.58%"
"03/06/2020","78.926","77.760","79.421","77.637","82.43K","1.56%"
"03/05/2020","77.714","76.849","77.826","76.357","63.29K","1.16%"
"03/04/2020","76.826","76.396","77.063","76.165","71.96K","0.61%"
"03/03/2020","76.359","75.950","77.007","75.604","77.71K","0.53%"
"03/02/2020","75.954","75.073","76.264","74.619","75.37K","1.11%"
"02/28/2020","75.118","74.054","75.318","73.906","75.23K","1.46%"
"02/27/2020","74.034","73.273","74.105","73.246","60.84K","1.06%"
"02/26/2020","73.255","73.590","73.715","73.191","61.27K","-0.40%"
"02/25/2020","73.546","73.493","73.661","73.195","53.94K","0.12%"
"02/24/2020","73.455","73.482","73.674","73.177","47.29K","0.00%"
"02/21/2020","73.457","72.838","73.629","72.794","47.02K","0.87%"
"02/20/2020","72.821","72.772","73.041","72.673","54.70K","0.10%"
"02/19/2020","72.747","72.816","72.860","72.617","39.06K","-0.03%"
"02/18/2020","72.771","72.733","73.032","72.666","43.81K","0.09%"
"02/17/2020","72.709","72.907","72.907","72.562","33.02K","-0.14%"
"02/14/2020","72.808","72.838","73.025","72.694","44.22K","0.01%"
"02/13/2020","72.798","72.888","73.166","72.739","46.49K","-0.08%"
"02/12/2020","72.856","73.031","73.248","72.842","44.42K","-0.23%"
"02/11/2020","73.025","72.953","73.117","72.735","48.11K","0.13%"
"02/10/2020","72.928","73.169","73.258","72.874","46.95K","-0.25%"
"02/07/2020","73.108","73.104","73.433","73.013","42.15K","0.06%"
"02/06/2020","73.064","73.128","73.247","72.945","45.54K","-0.06%"
"02/05/2020","73.110","73.375","73.641","72.981","52.50K","-0.32%"
"02/04/2020","73.347","73.838","73.872","73.268","47.32K","-0.65%"
"02/03/2020","73.824","74.163","74.371","73.740","45.61K","-0.58%"
"01/31/2020","74.258","73.797","74.320","73.442","44.61K","0.65%"
"01/30/2020","73.775","73.277","73.957","73.210","48.22K","0.72%"
"01/29/2020","73.248","73.169","73.364","72.981","45.13K","0.13%"
"01/28/2020","73.150","73.687","73.762","73.104","46.12K","-0.70%"
"01/27/2020","73.665","73.423","73.812","73.407","41.18K","0.33%"
"01/24/2020","73.420","73.696","73.722","73.370","35.93K","-0.33%"
"01/23/2020","73.666","73.438","73.815","73.384","38.92K","0.35%"
"01/22/2020","73.412","73.474","73.503","73.174","38.03K","-0.05%"
"01/21/2020","73.452","73.343","73.690","73.313","36.67K","0.13%"
"01/20/2020","73.355","73.437","73.497","73.228","27.59K","-0.05%"
"01/17/2020","73.395","73.578","73.674","73.309","36.45K","-0.20%"
"01/16/2020","73.542","73.350","73.810","73.304","38.10K","0.28%"
"01/15/2020","73.335","73.238","73.468","73.160","38.06K","0.18%"
"01/14/2020","73.205","72.826","73.323","72.785","40.04K","0.55%"
"01/13/2020","72.804","72.884","73.029","72.697","41.53K","-0.19%"
"01/10/2020","72.941","73.171","73.229","72.576","37.45K","-0.27%"
"01/09/2020","73.138","73.426","73.491","73.070","46.02K","-0.37%"
"01/08/2020","73.407","74.063","74.393","73.408","53.30K","-0.83%"
"01/07/2020","74.024","74.228","74.258","73.856","39.18K","-0.26%"
"01/06/2020","74.217","73.845","74.396","73.838","37.67K","0.59%"
"01/03/2020","73.782","73.451","73.980","73.417","40.47K","0.47%"
"01/02/2020","73.440","73.582","73.685","73.303","34.13K","-0.18%"
"01/01/2020","73.569","73.710","73.763","73.544","1.26K","-0.17%"
"12/31/2019","73.693","73.563","74.012","73.510","30.16K","0.20%"
"12/30/2019","73.546","73.267","73.720","73.188","37.89K","0.38%"
"12/27/2019","73.264","72.666","73.496","72.591","34.40K","0.88%"
"12/26/2019","72.626","72.720","72.783","72.574","17.54K","-0.09%"
"12/25/2019","72.695","72.720","72.734","72.608","0.77K","0.02%"
"12/24/2019","72.680","72.540","72.757","72.384","29.19K","0.24%"
"12/23/2019","72.508","72.296","72.680","72.282","31.58K","0.31%"
"12/20/2019","72.286","72.744","72.811","72.263","36.80K","-0.60%"
"12/19/2019","72.719","72.419","72.807","72.305","37.72K","0.46%"
"12/18/2019","72.387","72.455","72.559","72.246","35.36K","-0.06%"
"12/17/2019","72.428","72.200","72.539","71.985","37.07K","0.34%"
"12/16/2019","72.180","71.979","72.295","71.895","32.71K","0.34%"
"12/13/2019","71.932","71.633","72.123","71.547","58.47K","0.45%"
"12/12/2019","71.613","71.948","72.244","71.480","44.61K","-0.41%"
"12/11/2019","71.908","71.918","72.084","71.715","40.86K","0.00%"
"12/10/2019","71.907","71.825","72.054","71.726","33.61K","0.15%"
"12/09/2019","71.800","72.003","72.025","71.693","29.86K","-0.21%"
"12/06/2019","71.951","72.169","72.414","71.840","32.39K","-0.26%"
"12/05/2019","72.136","72.291","72.581","71.995","37.70K","-0.20%"
"12/04/2019","72.281","72.677","72.805","72.192","41.88K","-0.51%"
"12/03/2019","72.653","72.263","72.785","72.080","39.82K","0.58%"
"12/02/2019","72.233","71.706","72.300","71.613","33.81K","0.72%"
"11/29/2019","71.717","71.613","71.981","71.516","32.98K","0.17%"
"11/28/2019","71.593","71.313","71.795","71.292","31.73K","0.42%"
"11/27/2019","71.293","71.688","71.706","71.249","38.05K","-0.52%"
"11/26/2019","71.663","71.938","71.966","71.607","39.69K","-0.34%"
"11/25/2019","71.907","71.970","72.044","71.775","38.90K","-0.07%"
"11/22/2019","71.959","72.248","72.370","71.893","37.92K","-0.36%"
"11/21/2019","72.217","72.405","72.584","72.211","41.21K","-0.23%"
"11/20/2019","72.387","72.526","72.603","72.165","42.08K","-0.16%"
"11/19/2019","72.502","72.709","72.774","72.229","37.77K","-0.27%"
"11/18/2019","72.696","72.425","72.888","72.316","36.05K","0.47%"
"11/15/2019","72.356","72.840","72.854","72.251","32.26K","-0.63%"
"11/14/2019","72.812","72.871","73.016","72.643","36.97K","-0.05%"
"11/13/2019","72.847","72.282","73.001","72.242","36.53K","0.81%"
"11/12/2019","72.264","72.052","72.330","71.856","32.49K","0.34%"
"11/11/2019","72.021","71.604","72.111","71.515","31.70K","0.69%"
"11/08/2019","71.529","71.382","71.723","71.357","43.46K","0.23%"
"11/07/2019","71.365","71.525","71.663","71.215","54.76K","-0.19%"
"11/06/2019","71.501","71.274","71.601","71.238","43.84K","0.34%"
"11/05/2019","71.262","71.663","71.686","71.220","42.42K","-0.52%"
"11/04/2019","71.632","71.725","71.820","71.494","29.87K","-0.20%"
"11/01/2019","71.777","71.959","72.090","71.527","36.78K","-0.22%"
"10/31/2019","71.935","71.709","72.039","71.632","45.13K","0.33%"
"10/30/2019","71.697","71.318","71.756","71.271","39.59K","0.57%"
"10/29/2019","71.294","71.129","71.368","71.046","33.17K","0.26%"
"10/28/2019","71.110","71.218","71.290","70.912","27.02K","-0.12%"
"10/25/2019","71.194","71.522","71.623","71.100","38.83K","-0.42%"
"10/24/2019","71.496","71.418","71.790","71.352","37.67K","0.18%"
"10/23/2019","71.369","71.546","71.765","71.356","39.35K","-0.24%"
"10/22/2019","71.538","71.932","71.968","71.543","41.11K","-0.53%"
"10/21/2019","71.920","72.129","72.224","71.720","35.10K","-0.39%"
"10/18/2019","72.199","71.994","72.246","71.868","38.60K","0.33%"
"10/17/2019","71.962","71.741","72.096","71.615","42.10K","0.37%"
"10/16/2019","71.695","71.597","71.905","71.469","46.45K","0.18%"
"10/15/2019","71.569","71.429","71.790","71.363","49.93K","0.22%"
"10/14/2019","71.412","71.131","71.586","71.022","43.21K","0.40%"
"10/11/2019","71.126","71.197","71.303","71.007","54.95K","-0.06%"
"10/10/2019","71.172","71.420","71.754","71.175","57.02K","-0.30%"
"10/09/2019","71.388","71.723","71.776","71.343","50.03K","-0.44%"
"10/08/2019","71.705","71.346","71.890","71.260","47.90K","0.52%"
"10/07/2019","71.331","71.131","71.548","71.117","44.82K","0.28%"
"10/04/2019","71.133","71.094","71.449","70.768","62.64K","0.10%"
"10/03/2019","71.063","71.368","71.539","70.795","54.43K","-0.40%"
"10/02/2019","71.347","71.576","71.687","71.040","44.19K","-0.29%"
"10/01/2019","71.558","70.786","71.672","70.718","54.96K","1.12%"
"09/30/2019","70.767","71.117","71.396","70.726","43.43K","-0.50%"
"09/27/2019","71.125","71.422","71.456","70.834","45.69K","-0.37%"
"09/26/2019","71.391","71.582","71.702","71.260","53.61K","-0.21%"
"09/25/2019","71.544","72.015","72.199","71.518","52.68K","-0.61%"
"09/24/2019","71.984","71.529","72.090","71.368","49.40K","0.68%"
"09/23/2019","71.501","71.656","71.753","71.443","48.26K","-0.28%"
"09/20/2019","71.705","71.885","72.045","71.292","49.17K","-0.22%"
"09/19/2019","71.866","71.324","72.074","71.248","63.21K","0.80%"
"09/18/2019","71.294","71.987","72.031","71.256","50.84K","-0.90%"
"09/17/2019","71.941","72.103","72.494","71.747","53.94K","-0.18%"
"09/16/2019","72.072","71.776","72.529","71.769","53.85K","0.60%"
"09/13/2019","71.643","71.647","72.063","71.556","53.11K","0.04%"
"09/12/2019","71.612","72.096","72.118","71.531","63.45K","-0.61%"
"09/11/2019","72.054","72.451","72.521","71.993","41.05K","-0.53%"
"09/10/2019","72.435","72.335","72.731","72.233","34.16K","0.18%"
"09/09/2019","72.307","72.537","72.581","72.186","39.54K","-0.31%"
"09/06/2019","72.529","72.950","73.035","72.275","53.23K","-0.52%"
"09/05/2019","72.907","73.394","73.451","72.719","59.62K","-0.63%"
"09/04/2019","73.370","73.135","73.486","72.823","57.91K","0.36%"
"09/03/2019","73.110","72.652","73.261","72.477","52.28K","0.68%"
"09/02/2019","72.613","72.197","72.733","72.098","33.51K","0.64%"
"08/30/2019","72.151","72.664","72.738","72.040","53.29K","-0.66%"
"08/29/2019","72.631","73.168","73.546","72.581","55.36K","-0.67%"
"08/28/2019","73.118","72.888","73.284","72.748","52.55K","0.35%"
"08/27/2019","72.864","73.540","73.630","72.567","53.15K","-0.94%"
"08/26/2019","73.557","73.497","74.150","73.144","65.40K","0.30%"
"08/23/2019","73.340","73.115","73.463","72.522","53.54K","0.35%"
"08/22/2019","73.087","72.712","73.277","72.657","50.07K","0.55%"
"08/21/2019","72.684","73.159","73.207","72.657","44.39K","-0.61%"
"08/20/2019","73.130","72.790","73.379","72.765","43.37K","0.52%"
"08/19/2019","72.755","72.815","73.122","72.519","38.52K","0.07%"
"08/16/2019","72.706","73.546","73.576","72.454","46.00K","-1.09%"
"08/15/2019","73.506","73.230","73.693","73.047","56.38K","0.41%"
"08/14/2019","73.203","73.126","73.441","72.580","61.67K","0.14%"
"08/13/2019","73.102","73.540","74.003","73.027","55.59K","-0.57%"
"08/12/2019","73.523","73.047","73.666","72.840","46.31K","0.87%"
"08/09/2019","72.889","72.233","73.058","72.207","49.89K","0.93%"
"08/08/2019","72.215","72.947","73.067","72.160","57.60K","-0.95%"
"08/07/2019","72.909","72.753","73.461","72.278","64.75K","0.25%"
"08/06/2019","72.724","72.748","72.996","72.250","62.95K","0.01%"
"08/05/2019","72.716","70.912","72.895","70.818","59.95K","2.49%"
"08/02/2019","70.946","69.693","70.980","69.648","58.53K","1.84%"
"08/01/2019","69.667","69.284","69.803","69.041","55.21K","0.58%"
"07/31/2019","69.262","69.526","69.630","69.217","44.80K","-0.34%"
"07/30/2019","69.499","69.337","69.603","69.264","41.01K","0.25%"
"07/29/2019","69.325","69.373","69.484","69.225","31.40K","0.03%"
"07/26/2019","69.307","69.683","69.852","69.243","37.02K","-0.49%"
"07/25/2019","69.649","70.037","70.099","69.565","42.82K","-0.53%"
"07/24/2019","70.020","70.063","70.113","69.886","38.38K","-0.02%"
"07/23/2019","70.032","70.187","70.218","69.964","37.68K","-0.21%"
"07/22/2019","70.176","70.016","70.330","69.969","36.35K","0.09%"
"07/19/2019","70.112","70.168","70.221","69.868","46.35K","-0.05%"
"07/18/2019","70.148","69.725","70.202","69.666","47.32K","0.66%"
"07/17/2019","69.687","69.494","69.794","69.460","41.04K","0.32%"
"07/16/2019","69.467","69.620","69.806","69.406","42.03K","-0.21%"
"07/15/2019","69.612","69.674","69.845","69.512","33.97K","-0.03%"
"07/12/2019","69.636","69.094","69.755","69.059","40.45K","0.83%"
"07/11/2019","69.063","69.135","69.487","69.055","47.35K","-0.06%"
"07/10/2019","69.104","69.004","69.323","68.953","45.13K","0.18%"
"07/09/2019","68.978","68.994","69.259","68.880","42.87K","0.00%"
"07/08/2019","68.975","69.040","69.426","68.887","42.77K","-0.03%"
"07/05/2019","68.999","69.567","69.793","68.946","49.92K","-0.75%"
"07/04/2019","69.518","69.717","69.864","69.466","36.54K","-0.27%"
"07/03/2019","69.703","69.843","70.053","69.674","49.19K","-0.17%"
"07/02/2019","69.823","69.746","70.034","69.698","46.70K","0.13%"
"07/01/2019","69.731","70.425","70.493","69.683","50.58K","-1.24%"
"06/28/2019","70.606","70.747","70.919","70.516","50.61K","-0.14%"
"06/27/2019","70.708","70.802","70.854","70.428","55.17K","-0.12%"
"06/26/2019","70.790","71.082","71.183","70.658","59.51K","-0.35%"
"06/25/2019","71.040","71.275","71.487","70.893","59.89K","-0.27%"
"06/24/2019","71.233","71.261","71.454","71.051","51.01K","-0.06%"
"06/21/2019","71.278","70.809","71.335","70.729","62.45K","0.72%"
"06/20/2019","70.770","70.071","71.026","70.021","68.11K","1.05%"
"06/19/2019","70.032","69.568","70.244","69.435","52.77K","0.66%"
"06/18/2019","69.572","69.927","70.123","69.517","60.24K","-0.45%"
"06/17/2019","69.889","69.921","70.130","69.813","46.51K","0.03%"
"06/14/2019","69.869","69.950","70.185","69.837","51.98K","-0.09%"
"06/13/2019","69.930","69.682","70.119","69.660","51.10K","0.38%"
"06/12/2019","69.663","69.916","70.084","69.649","46.53K","-0.33%"
"06/11/2019","69.897","70.252","70.306","69.828","48.60K","-0.46%"
"06/10/2019","70.222","70.233","70.374","69.987","45.18K","0.06%"
"06/07/2019","70.182","69.772","70.487","69.669","42.36K","0.63%"
"06/06/2019","69.743","69.755","70.072","69.542","52.55K","0.03%"
"06/05/2019","69.719","69.843","70.344","69.724","55.65K","-0.14%"
"06/04/2019","69.816","69.683","69.974","69.497","59.67K","0.23%"
"06/03/2019","69.656","69.479","69.803","69.161","55.16K","0.23%"
"05/31/2019","69.494","69.291","69.641","69.227","61.89K","0.33%"
"05/30/2019","69.266","69.290","69.396","69.091","49.73K","-0.04%"
"05/29/2019","69.293","69.085","69.609","69.064","54.21K","0.36%"
"05/28/2019","69.045","69.238","69.474","68.891","47.50K","-0.23%"
"05/27/2019","69.203","69.290","69.341","69.105","31.80K","-0.04%"
"05/24/2019","69.232","69.439","69.613","69.219","38.19K","-0.27%"
"05/23/2019","69.417","68.984","69.504","68.773","46.84K","0.67%"
"05/22/2019","68.957","68.881","69.295","68.824","40.79K","0.15%"
"05/21/2019","68.852","69.012","69.191","68.814","43.67K","-0.20%"
"05/20/2019","68.989","69.484","69.563","68.554","39.04K","-0.77%"
"05/17/2019","69.527","69.432","69.693","69.372","48.47K","0.17%"
"05/16/2019","69.412","69.644","69.777","69.330","45.34K","-0.29%"
"05/15/2019","69.616","69.725","69.929","69.549","46.55K","-0.11%"
"05/14/2019","69.695","70.114","70.255","69.609","45.32K","-0.59%"
"05/13/2019","70.111","69.199","70.294","69.155","48.97K","1.35%"
"05/10/2019","69.176","69.159","69.367","68.746","52.50K","0.06%"
"05/09/2019","69.132","68.326","69.420","68.269","48.40K","1.21%"
"05/08/2019","68.303","68.306","68.574","68.223","55.26K","0.04%"
"05/07/2019","68.278","68.157","68.383","67.989","51.45K","0.22%"
"05/06/2019","68.130","67.970","68.420","67.904","41.36K","0.27%"
"05/03/2019","67.944","68.082","68.132","67.791","42.26K","-0.19%"
"05/02/2019","68.073","68.309","68.428","67.968","43.64K","-0.29%"
"05/01/2019","68.274","68.328","68.679","68.152","35.65K","-0.05%"
"04/30/2019","68.311","68.472","68.635","68.188","57.84K","-0.20%"
"04/29/2019","68.446","68.507","68.601","68.336","36.29K","-0.05%"
"04/26/2019","68.477","68.760","68.871","68.398","48.48K","-0.39%"
"04/25/2019","68.744","68.535","68.931","68.488","48.50K","0.31%"
"04/24/2019","68.531","68.382","68.815","68.314","52.03K","0.23%"
"04/23/2019","68.372","68.636","68.739","68.185","42.74K","-0.35%"
"04/22/2019","68.613","68.428","68.882","68.357","26.05K","0.33%"
"04/19/2019","68.390","68.339","68.519","68.305","32.75K","0.12%"
"04/18/2019","68.311","68.710","68.879","68.299","47.94K","-0.55%"
"04/17/2019","68.686","68.982","69.096","68.670","46.31K","-0.39%"
"04/16/2019","68.955","69.126","69.403","68.948","55.78K","-0.20%"
"04/15/2019","69.090","69.018","69.339","68.890","42.12K","0.13%"
"04/12/2019","69.001","68.813","69.248","68.772","38.30K","0.34%"
"04/11/2019","68.769","68.970","69.061","68.639","38.69K","-0.26%"
"04/10/2019","68.947","69.284","69.342","68.894","38.49K","-0.46%"
"04/09/2019","69.263","69.646","69.837","69.203","39.54K","-0.48%"
"04/08/2019","69.599","69.156","69.787","69.118","30.36K","0.68%"
"04/05/2019","69.132","68.977","69.331","68.925","55.91K","0.23%"
"04/04/2019","68.970","68.570","69.326","68.536","48.42K","0.60%"
"04/03/2019","68.557","69.048","69.117","68.524","63.59K","-0.71%"
"04/02/2019","69.048","69.277","69.464","68.721","43.66K","-0.29%"
"04/01/2019","69.252","69.575","69.807","69.229","41.68K","-0.35%"
"03/29/2019","69.493","69.507","69.619","69.313","56.52K","0.06%"
"03/28/2019","69.450","69.447","69.685","69.201","77.30K","0.01%"
"03/27/2019","69.444","69.378","69.617","69.112","60.24K","0.13%"
"03/26/2019","69.353","69.411","69.518","69.229","54.83K","-0.05%"
"03/25/2019","69.387","69.490","69.661","69.193","46.56K","-0.28%"
"03/22/2019","69.584","69.362","69.636","69.021","57.81K","0.34%"
"03/21/2019","69.348","69.303","69.467","68.948","55.84K","0.08%"
"03/20/2019","69.292","69.070","69.527","68.749","71.05K","0.35%"
"03/19/2019","69.051","68.529","69.174","68.312","48.82K","0.80%"
"03/18/2019","68.504","68.815","68.874","68.368","37.19K","-0.45%"
"03/15/2019","68.815","69.095","69.202","68.674","49.54K","-0.38%"
"03/14/2019","69.077","69.266","69.480","68.972","56.77K","-0.20%"
"03/13/2019","69.216","69.083","69.355","68.936","48.97K","0.23%"
"03/12/2019","69.055","69.110","69.213","68.789","50.66K","-0.06%"
"03/11/2019","69.093","69.480","69.504","69.015","43.34K","-0.48%"
"03/08/2019","69.426","69.329","69.642","69.106","45.18K","0.19%"
"03/07/2019","69.297","69.731","69.877","69.247","51.26K","-0.59%"
"03/06/2019","69.708","70.181","70.335","69.675","58.35K","-0.67%"
"03/05/2019","70.177","70.974","71.043","70.153","63.43K","-1.09%"
"03/04/2019","70.950","71.106","71.200","70.684","44.17K","-0.14%"
"03/01/2019","71.047","70.953","71.156","70.802","65.92K","0.16%"
"02/28/2019","70.936","71.086","71.532","70.947","56.69K","-0.19%"
"02/27/2019","71.069","71.029","71.590","70.836","59.54K","0.10%"
"02/26/2019","71.000","70.778","71.366","70.757","41.44K","0.36%"
"02/25/2019","70.747","70.996","71.170","70.743","46.11K","-0.31%"
"02/22/2019","70.970","71.076","71.225","70.966","50.92K","-0.13%"
"02/21/2019","71.065","70.939","71.230","70.857","71.69K","0.20%"
"02/20/2019","70.922","71.221","71.296","70.902","54.41K","-0.38%"
"02/19/2019","71.190","71.077","71.299","70.930","47.81K","0.21%"
"02/18/2019","71.043","70.922","71.260","70.919","36.34K","0.17%"
"02/15/2019","70.923","70.681","71.079","70.622","46.06K","0.39%"
"02/14/2019","70.650","70.226","70.796","70.173","48.79K","0.63%"
"02/13/2019","70.210","70.076","70.522","69.979","47.97K","0.21%"
"02/12/2019","70.061","70.864","70.981","69.958","47.97K","-1.10%"
"02/11/2019","70.840","71.164","71.295","70.470","45.93K","-0.41%"
"02/08/2019","71.132","71.150","71.291","70.874","50.81K","0.03%"
"02/07/2019","71.112","71.365","71.579","71.106","58.80K","-0.33%"
"02/06/2019","71.347","71.523","71.670","71.350","55.29K","-0.23%"
"02/05/2019","71.513","71.857","71.940","71.422","55.41K","-0.45%"
"02/04/2019","71.836","71.772","72.039","71.689","47.39K","0.13%"
"02/01/2019","71.743","71.379","71.948","71.281","61.48K","0.54%"
"01/31/2019","71.359","71.638","71.746","71.284","69.09K","-0.39%"
"01/30/2019","71.640","71.807","71.843","71.263","79.96K","-0.19%"
"01/29/2019","71.778","71.680","71.855","71.564","73.37K","0.19%"
"01/28/2019","71.644","71.343","71.829","71.320","48.71K","0.38%"
"01/25/2019","71.371","71.235","71.552","71.163","70.81K","0.17%"
"01/24/2019","71.249","71.547","71.767","71.197","54.95K","-0.45%"
"01/23/2019","71.570","71.454","71.665","71.264","68.04K","0.15%"
"01/22/2019","71.460","71.379","71.727","71.291","64.90K","0.11%"
"01/21/2019","71.384","71.594","71.915","71.312","39.99K","-0.19%"
"01/18/2019","71.517","71.471","71.716","71.368","56.63K","0.08%"
"01/17/2019","71.457","71.662","72.058","71.451","60.67K","-0.31%"
"01/16/2019","71.679","71.974","72.156","71.635","","-0.42%"
"01/15/2019","71.978","72.138","72.474","71.761","","-0.22%"
"01/14/2019","72.138","71.450","72.307","71.406","","0.85%"
"01/11/2019","71.528","71.550","71.861","71.454","50.88K","-0.01%"
"01/10/2019","71.536","72.406","72.594","71.478","","-1.21%"
"01/09/2019","72.413","71.469","72.496","71.320","","1.31%"
"01/08/2019","71.477","71.230","71.684","71.090","4.56K","0.32%"
"01/07/2019","71.249","70.480","71.278","70.362","1.94K","1.06%"
"01/04/2019","70.501","71.055","71.192","70.394","46.89K","-0.78%"
"01/03/2019","71.058","70.686","71.549","70.659","1.65K","0.52%"
"01/02/2019","70.692","70.769","71.403","70.578","1.80K","-0.09%"
"01/01/2019","70.754","70.862","71.046","70.722","0.36K","-0.17%"
"12/31/2018","70.874","71.056","71.121","70.479","","-0.23%"
"12/28/2018","71.037","71.219","71.525","70.921","","-0.28%"
"12/27/2018","71.237","70.372","71.483","70.365","","1.24%"
"12/26/2018","70.365","71.034","71.100","70.317","","-0.92%"
"12/25/2018","71.020","71.277","71.458","70.977","","-0.09%"
"12/24/2018","71.086","70.572","71.143","70.274","","0.86%"
"12/21/2018","70.478","70.831","71.240","70.422","","-0.50%"
"12/20/2018","70.833","70.663","71.155","70.386","","0.24%"
"12/19/2018","70.660","71.146","71.232","70.418","","-0.68%"
"12/18/2018","71.143","72.118","72.184","71.057","","-1.35%"
"12/17/2018","72.115","72.209","72.213","71.782","","0.07%"
"12/14/2018","72.064","71.948","72.323","71.897","","0.16%"
"12/13/2018","71.948","72.309","72.404","71.809","","-0.50%"
"12/12/2018","72.306","72.746","72.841","72.263","","-0.64%"
"12/11/2018","72.771","73.222","73.349","72.475","","-0.61%"
"12/10/2018","73.219","71.514","73.446","71.385","","2.35%"
"12/07/2018","71.540","71.379","71.662","70.993","","0.25%"
"12/06/2018","71.360","70.741","71.680","70.656","","0.90%"
"12/05/2018","70.723","70.707","70.821","70.453","","0.02%"
"12/04/2018","70.707","70.595","71.142","70.546","","0.16%"
"12/03/2018","70.595","69.839","70.659","69.622","","1.24%"
"11/30/2018","69.727","70.088","70.234","69.590","","-0.49%"
"11/29/2018","70.067","71.073","71.181","69.927","","-1.43%"
"11/28/2018","71.081","70.876","71.181","70.572","","0.31%"
"11/27/2018","70.863","70.921","71.151","70.710","","-0.08%"
"11/26/2018","70.923","70.862","71.155","70.441","","0.05%"
"11/23/2018","70.889","71.016","71.159","70.775","","-0.21%"
"11/22/2018","71.041","71.710","71.803","71.007","","-0.88%"
"11/21/2018","71.674","71.780","71.838","71.595","","-0.16%"
"11/20/2018","71.788","72.084","72.200","71.746","","-0.40%"
"11/19/2018","72.075","71.840","72.155","71.623","","0.12%"
"11/16/2018","71.987","71.415","72.052","71.239","","0.81%"
"11/15/2018","71.408","71.886","71.936","71.344","","-0.67%"
"11/14/2018","71.893","72.096","72.210","71.495","","-0.30%"
"11/13/2018","72.111","72.082","72.189","71.730","","0.06%"
"11/12/2018","72.070","72.073","72.478","71.959","","-0.02%"
"11/09/2018","72.084","71.944","72.305","71.837","","0.19%"
"11/08/2018","71.948","72.276","72.359","71.863","","-0.46%"
"11/07/2018","72.284","72.778","73.055","72.240","","-0.67%"
"11/06/2018","72.773","72.745","72.810","72.519","","0.05%"
"11/05/2018","72.739","72.246","72.870","72.123","","0.77%"
"11/02/2018","72.180","73.316","73.344","72.087","","-1.53%"
"11/01/2018","73.301","73.324","73.470","73.133","","-0.04%"
"10/31/2018","73.333","73.302","73.762","73.259","","0.04%"
"10/30/2018","73.302","73.269","73.600","73.234","","0.06%"
"10/29/2018","73.260","73.651","73.703","73.216","","-0.56%"
"10/26/2018","73.669","73.258","73.737","73.126","","0.56%"
"10/25/2018","73.256","73.373","73.668","73.107","","-0.17%"
"10/24/2018","73.384","73.919","73.971","73.218","","-0.73%"
"10/23/2018","73.920","73.846","74.112","73.764","","0.09%"
"10/22/2018","73.852","73.674","73.910","73.431","","0.30%"
"10/19/2018","73.633","73.850","73.924","73.537","","-0.30%"
"10/18/2018","73.851","73.944","74.155","73.698","","-0.13%"
"10/17/2018","73.948","74.159","74.275","73.847","","-0.28%"
"10/16/2018","74.154","74.728","74.797","74.124","","-0.79%"
"10/15/2018","74.742","74.287","75.171","74.181","","0.68%"
"10/12/2018","74.234","74.844","74.874","74.079","","-0.82%"
"10/11/2018","74.844","74.993","75.570","74.618","","-0.20%"
"10/10/2018","74.993","74.933","75.053","74.706","","0.06%"
"10/09/2018","74.947","74.615","75.015","74.416","","0.45%"
"10/08/2018","74.614","74.317","74.701","74.234","","0.31%"
"10/05/2018","74.380","74.249","74.728","73.950","","0.18%"
"10/04/2018","74.246","73.904","74.457","73.897","","0.45%"
"10/03/2018","73.910","74.115","74.630","73.888","","-0.28%"
"10/02/2018","74.118","74.118","74.194","73.930","","-0.01%"
"10/01/2018","74.126","73.931","74.251","73.834","","0.40%"
"09/28/2018","73.832","74.263","74.543","73.825","","-0.57%"
"09/27/2018","74.255","75.162","75.263","74.154","","-1.18%"
"09/26/2018","75.144","75.307","75.448","74.834","","-0.23%"
"09/25/2018","75.314","75.300","75.520","75.079","","-0.01%"
"09/24/2018","75.321","75.305","75.900","75.164","","-0.04%"
"09/21/2018","75.352","75.115","75.736","74.852","","0.34%"
"09/20/2018","75.098","74.829","75.114","74.539","","0.38%"
"09/19/2018","74.814","75.378","75.479","74.583","","-0.75%"
"09/18/2018","75.382","75.362","76.030","75.248","","0.03%"
"09/17/2018","75.358","74.249","75.463","74.195","","1.43%"
"09/14/2018","74.294","74.609","74.671","74.121","","-0.44%"
"09/13/2018","74.620","74.341","74.650","74.228","","0.39%"
"09/12/2018","74.331","74.710","74.900","73.906","","-0.52%"
"09/11/2018","74.717","74.303","74.748","74.050","","0.55%"
"09/10/2018","74.305","74.073","74.936","73.990","","0.33%"
"09/07/2018","74.064","74.537","74.635","74.010","","-0.64%"
"09/06/2018","74.544","73.850","74.567","73.805","","0.96%"
"09/05/2018","73.837","73.474","73.914","73.296","","0.51%"
"09/04/2018","73.462","73.459","73.596","73.205","","-0.01%"
"09/03/2018","73.471","73.276","73.555","72.921","","0.24%"
"08/31/2018","73.292","73.009","73.527","72.941","","0.40%"
"08/30/2018","72.997","72.667","73.055","72.615","","0.44%"
"08/29/2018","72.675","71.786","72.735","71.646","","1.23%"
"08/28/2018","71.794","71.602","71.942","71.422","","0.25%"
"08/27/2018","71.615","71.142","71.704","70.919","","0.65%"
"08/24/2018","71.151","71.099","71.327","71.023","","0.09%"
"08/23/2018","71.086","71.065","71.396","70.914","","0.01%"
"08/22/2018","71.079","70.916","71.270","70.867","","0.25%"
"08/21/2018","70.903","70.441","70.981","70.317","","0.69%"
"08/20/2018","70.418","70.388","70.510","69.888","","0.04%"
"08/17/2018","70.392","70.305","70.594","70.227","","0.11%"
"08/16/2018","70.315","70.375","70.889","70.266","","-0.08%"
"08/15/2018","70.371","70.356","70.448","70.032","","0.01%"
"08/14/2018","70.365","70.493","70.669","70.124","","-0.17%"
"08/13/2018","70.485","69.222","70.528","69.174","","1.85%"
"08/10/2018","69.208","69.205","69.397","69.101","","-0.01%"
"08/09/2018","69.213","69.112","69.454","68.947","","0.13%"
"08/08/2018","69.123","68.913","69.165","68.823","","0.26%"
"08/07/2018","68.944","69.040","69.191","68.888","","-0.18%"
"08/06/2018","69.069","68.897","69.144","68.877","","0.19%"
"08/03/2018","68.938","68.949","69.168","68.894","","-0.04%"
"08/02/2018","68.963","68.903","69.206","68.751","","0.10%"
"08/01/2018","68.894","69.137","69.221","68.853","","-0.34%"
"07/31/2018","69.131","69.422","69.558","69.093","","-0.41%"
"07/30/2018","69.417","68.964","69.466","68.908","","0.63%"
"07/27/2018","68.984","69.061","69.136","68.812","","-0.11%"
"07/26/2018","69.061","69.290","69.409","69.004","","-0.33%"
"07/25/2018","69.291","69.392","69.447","69.082","","-0.15%"
"07/24/2018","69.392","69.351","69.485","69.233","","0.04%"
"07/23/2018","69.365","69.227","69.506","69.192","","0.16%"
"07/20/2018","69.252","69.076","69.347","68.868","","0.26%"
"07/19/2018","69.075","68.706","69.311","68.651","","0.54%"
"07/18/2018","68.701","68.412","68.755","68.296","","0.42%"
"07/17/2018","68.416","68.769","68.882","68.416","","-0.51%"
"07/16/2018","68.770","68.384","68.872","68.330","","0.57%"
"07/13/2018","68.380","68.352","68.401","68.013","","0.04%"
"07/12/2018","68.356","69.013","69.062","68.329","","-0.96%"
"07/11/2018","69.016","69.305","69.483","68.954","","-0.42%"
"07/10/2018","69.309","69.244","69.416","69.108","","0.09%"
"07/09/2018","69.246","69.487","69.675","69.150","","-0.38%"
"07/06/2018","69.507","69.333","69.680","69.221","","0.22%"
"07/05/2018","69.352","69.200","69.581","69.075","","0.24%"
"07/04/2018","69.188","69.089","69.315","69.039","","0.17%"
"07/03/2018","69.072","69.154","69.347","68.969","","-0.13%"
"07/02/2018","69.163","69.082","69.329","68.873","","0.09%"
"06/29/2018","69.103","69.027","69.256","68.704","","0.13%"
"06/28/2018","69.016","68.836","69.336","68.774","","0.27%"
"06/27/2018","68.833","69.005","69.359","68.792","","-0.27%"
"06/26/2018","69.019","69.010","69.183","68.853","","0.01%"
"06/25/2018","69.012","68.627","69.117","68.613","","0.46%"
"06/22/2018","68.694","68.512","68.750","68.375","","0.27%"
"06/21/2018","68.510","68.311","68.656","68.174","","0.27%"
"06/20/2018","68.323","68.724","68.751","68.219","","-0.57%"
"06/19/2018","68.712","68.373","68.760","68.318","","0.50%"
"06/18/2018","68.371","68.314","68.496","68.130","","0.22%"
"06/15/2018","68.224","67.874","68.442","67.835","","0.49%"
"06/14/2018","67.890","68.655","68.883","67.870","","-1.08%"
"06/13/2018","68.633","68.369","68.704","68.286","","0.37%"
"06/12/2018","68.383","68.470","68.619","68.252","","-0.14%"
"06/11/2018","68.477","68.442","68.637","68.189","","-0.10%"
"06/08/2018","68.544","68.769","69.011","68.269","","-0.32%"
"06/07/2018","68.761","67.762","68.921","67.707","","1.46%"
"06/06/2018","67.769","68.150","68.233","67.686","","-0.57%"
"06/05/2018","68.156","67.879","68.287","67.796","","0.38%"
"06/04/2018","67.895","67.728","68.272","67.665","","0.14%"
"06/01/2018","67.799","68.392","68.510","67.599","","-0.88%"
"05/31/2018","68.401","68.169","68.609","68.069","","0.33%"
"05/30/2018","68.176","68.429","68.491","67.982","","-0.38%"
"05/29/2018","68.435","67.819","68.873","67.764","","0.89%"
"05/28/2018","67.828","68.433","68.433","67.684","","-0.88%"
"05/25/2018","68.428","68.919","68.982","68.181","","-0.71%"
"05/24/2018","68.919","68.659","69.187","68.588","","0.36%"
"05/23/2018","68.675","68.516","69.159","68.448","","0.23%"
"05/22/2018","68.516","68.308","68.624","68.150","","0.31%"
"05/21/2018","68.303","68.164","68.330","68.007","","0.25%"
"05/18/2018","68.133","67.664","68.339","67.630","","0.69%"
"05/17/2018","67.663","67.694","67.870","67.507","","-0.05%"
"05/16/2018","67.694","67.980","68.135","67.647","","-0.44%"
"05/15/2018","67.992","67.519","68.195","67.365","","0.70%"
"05/14/2018","67.519","67.312","67.849","67.255","","0.30%"
"05/11/2018","67.320","67.017","67.508","66.888","","0.44%"
"05/10/2018","67.023","66.996","67.299","66.928","","0.04%"
"05/09/2018","66.999","67.025","67.254","66.868","","-0.03%"
"05/08/2018","67.019","66.965","67.106","66.793","","0.09%"
"05/07/2018","66.960","66.766","67.163","66.752","","0.21%"
"05/04/2018","66.823","66.834","67.088","66.701","","-0.01%"
"05/03/2018","66.831","66.724","66.934","66.677","","0.14%"
"05/02/2018","66.737","67.041","67.123","66.691","","-0.45%"
"05/01/2018","67.041","67.064","67.207","66.713","","-0.06%"
"04/30/2018","67.081","67.412","67.495","66.915","","-0.53%"
"04/27/2018","67.436","67.560","67.609","67.201","","-0.16%"
"04/26/2018","67.541","68.058","68.121","67.501","","-0.76%"
"04/25/2018","68.057","67.841","68.222","67.682","","0.32%"
"04/24/2018","67.841","68.013","68.040","67.650","","-0.26%"
"04/23/2018","68.020","67.949","68.202","67.810","","0.12%"
"04/20/2018","67.936","67.809","68.087","67.740","","0.18%"
"04/19/2018","67.813","67.833","68.063","67.650","","-0.04%"
"04/18/2018","67.840","67.974","68.041","67.730","","-0.21%"
"04/17/2018","67.981","68.187","68.483","67.843","","-0.31%"
"04/16/2018","68.195","67.785","68.361","67.722","","0.58%"
"04/13/2018","67.805","67.814","67.953","67.654","","-0.03%"
"04/12/2018","67.826","68.147","68.326","67.653","","-0.46%"
"04/11/2018","68.142","67.871","68.278","67.828","","0.41%"
"04/10/2018","67.862","67.936","68.178","67.763","","-0.10%"
"04/09/2018","67.930","67.617","67.951","67.558","","0.36%"
"04/06/2018","67.688","67.352","67.833","67.324","","0.49%"
"04/05/2018","67.356","67.689","67.776","67.314","","-0.51%"
"04/04/2018","67.699","67.773","68.130","67.656","","-0.14%"
"04/03/2018","67.793","68.171","68.228","67.730","","-0.55%"
"04/02/2018","68.171","68.288","68.359","68.064","","-0.11%"
"03/30/2018","68.248","68.106","68.419","68.091","","0.25%"
"03/29/2018","68.076","68.118","68.263","67.981","","-0.05%"
"03/28/2018","68.109","68.599","68.665","68.024","","-0.71%"
"03/27/2018","68.594","68.540","68.734","68.336","","0.06%"
"03/26/2018","68.550","68.576","68.781","68.382","","-0.09%"
"03/23/2018","68.613","68.595","69.005","68.439","","0.03%"
"03/22/2018","68.590","68.620","68.844","68.424","","-0.06%"
"03/21/2018","68.632","68.176","68.726","68.147","","0.67%"
"03/20/2018","68.175","68.573","68.617","68.168","","-0.58%"
"03/19/2018","68.573","68.195","68.696","68.138","","0.48%"
"03/16/2018","68.245","68.288","68.506","68.015","","-0.08%"
"03/15/2018","68.302","68.606","68.803","68.225","","-0.45%"
"03/14/2018","68.614","68.700","69.010","68.402","","-0.13%"
"03/13/2018","68.702","68.572","68.783","68.396","","0.18%"
"03/12/2018","68.579","68.523","68.719","68.379","","0.17%"
"03/09/2018","68.466","68.445","68.667","68.280","","0.03%"
"03/08/2018","68.445","68.775","69.052","68.424","","-0.47%"
"03/07/2018","68.765","68.987","69.442","68.686","","-0.33%"
"03/06/2018","68.996","69.174","69.383","68.945","","-0.26%"
"03/05/2018","69.175","69.578","69.778","69.121","","-0.49%"
"03/02/2018","69.516","69.254","69.841","69.203","","0.38%"
"03/01/2018","69.254","69.028","69.320","68.677","","0.32%"
"02/28/2018","69.034","69.138","69.395","68.954","","-0.15%"
"02/27/2018","69.138","69.052","69.376","68.897","","0.12%"
"02/26/2018","69.052","69.106","69.431","68.984","","-0.03%"
"02/23/2018","69.076","69.662","69.691","69.069","","-0.84%"
"02/22/2018","69.660","69.012","69.693","68.946","","0.93%"
"02/21/2018","69.019","69.272","69.337","68.939","","-0.39%"
"02/20/2018","69.287","69.124","69.525","69.019","","0.20%"
"02/19/2018","69.150","69.254","69.374","68.934","","-0.09%"
"02/16/2018","69.212","69.300","69.755","69.137","","-0.12%"
"02/15/2018","69.298","68.982","69.381","68.854","","0.45%"
"02/14/2018","68.988","68.729","69.047","68.388","","0.35%"
"02/13/2018","68.747","68.421","68.957","68.385","","0.45%"
"02/12/2018","68.438","68.454","68.701","68.401","","-0.06%"
"02/09/2018","68.477","68.677","68.799","68.397","","-0.32%"
"02/08/2018","68.697","68.115","68.740","67.886","","0.84%"
"02/07/2018","68.122","68.614","68.681","67.943","","-0.73%"
"02/06/2018","68.621","68.850","69.210","68.376","","-0.34%"
"02/05/2018","68.857","68.750","69.068","68.325","","-0.01%"
"02/02/2018","68.865","69.067","69.275","68.677","","-0.29%"
"02/01/2018","69.063","68.231","69.123","68.136","","1.22%"
"01/31/2018","68.231","68.168","68.462","68.025","","0.09%"
"01/30/2018","68.172","67.837","68.359","67.700","","0.49%"
"01/29/2018","67.840","68.029","68.124","67.734","","-0.39%"
"01/26/2018","68.106","67.489","68.207","67.353","","0.91%"
"01/25/2018","67.490","67.332","68.415","67.212","","0.22%"
"01/24/2018","67.344","66.584","67.579","66.542","","1.15%"
"01/23/2018","66.580","66.410","66.653","66.209","","0.23%"
"01/22/2018","66.424","66.431","66.584","66.259","","0.21%"
"01/19/2018","66.282","66.600","66.828","66.269","","-0.49%"
"01/18/2018","66.608","66.159","66.725","66.085","","0.68%"
"01/17/2018","66.157","66.721","66.880","66.124","","-0.84%"
"01/16/2018","66.716","65.948","66.826","65.844","","1.16%"
"01/15/2018","65.948","65.701","66.147","65.529","","0.38%"
"01/12/2018","65.699","65.277","65.723","65.027","","0.67%"
"01/11/2018","65.263","65.022","65.457","64.916","","0.34%"
"01/10/2018","65.041","64.743","65.212","64.684","","0.46%"
"01/09/2018","64.745","64.956","65.033","64.691","","-0.34%"
"01/08/2018","64.963","64.953","65.059","64.790","","0.02%"
"01/05/2018","64.951","65.050","65.111","64.782","","-0.16%"
"01/04/2018","65.052","64.993","65.139","64.811","","0.08%"
"01/03/2018","65.000","65.309","65.399","64.814","","-0.48%"
"01/02/2018","65.315","65.365","65.526","65.221","","-0.05%"
"01/01/2018","65.347","65.505","65.537","65.320","","-0.26%"
"12/29/2017","65.520","65.465","65.582","65.291","","0.06%"
"12/28/2017","65.481","65.004","65.588","65.004","","0.72%"
"12/27/2017","65.010","64.749","65.052","64.691","","0.39%"
"12/26/2017","64.756","64.758","64.829","64.623","","0.00%"
"12/25/2017","64.758","64.693","64.778","64.680","","0.07%"
"12/22/2017","64.713","64.772","64.835","64.594","","-0.08%"
"12/21/2017","64.765","64.958","65.057","64.611","","-0.28%"
"12/20/2017","64.947","65.037","65.237","64.855","","-0.16%"
"12/19/2017","65.049","65.135","65.177","64.814","","-0.14%"
"12/18/2017","65.141","64.695","65.377","64.617","","0.69%"
"12/15/2017","64.695","65.043","65.154","64.469","","-0.54%"
"12/14/2017","65.043","65.415","65.489","64.968","","-0.55%"
"12/13/2017","65.401","64.963","65.489","64.906","","0.69%"
"12/12/2017","64.952","64.876","65.184","64.808","","0.11%"
"12/11/2017","64.880","64.852","65.082","64.852","","-0.08%"
"12/08/2017","64.934","64.927","64.981","64.597","","0.00%"
"12/07/2017","64.934","65.188","65.300","64.907","","-0.39%"
"12/06/2017","65.189","65.181","65.421","65.103","","0.01%"
"12/05/2017","65.181","65.361","65.463","65.096","","-0.28%"
"12/04/2017","65.361","65.951","65.951","65.249","","-1.07%"
"12/01/2017","66.069","65.569","66.276","65.336","","0.77%"
"11/30/2017","65.566","65.347","65.686","65.243","","0.30%"
"11/29/2017","65.367","65.445","65.590","65.160","","-0.12%"
"11/28/2017","65.444","65.697","65.844","65.364","","-0.37%"
"11/27/2017","65.686","66.035","66.115","65.659","","-0.50%"
"11/24/2017","66.013","65.769","66.106","65.709","","0.35%"
"11/23/2017","65.781","66.088","66.141","65.727","","-0.45%"
"11/22/2017","66.076","65.450","66.130","65.327","","0.97%"
"11/21/2017","65.439","65.522","65.588","65.225","","-0.12%"
"11/20/2017","65.519","65.725","65.870","65.507","","-0.37%"
"11/17/2017","65.764","65.669","65.942","65.147","","0.12%"
"11/16/2017","65.683","66.025","66.100","65.650","","-0.55%"
"11/15/2017","66.043","66.105","66.325","65.850","","-0.10%"
"11/14/2017","66.111","65.677","66.215","65.504","","0.65%"
"11/13/2017","65.683","65.418","65.890","65.314","","0.33%"
"11/10/2017","65.465","65.372","65.643","65.306","","0.15%"
"11/09/2017","65.367","64.914","65.487","64.821","","0.70%"
"11/08/2017","64.913","65.047","65.254","64.880","","-0.23%"
"11/07/2017","65.060","64.785","65.182","64.714","","0.42%"
"11/06/2017","64.787","64.574","64.813","64.388","","0.42%"
"11/03/2017","64.515","64.619","64.852","64.409","","-0.16%"
"11/02/2017","64.620","64.346","64.912","64.327","","0.41%"
"11/01/2017","64.353","64.900","64.945","64.320","","-0.84%"
"10/31/2017","64.899","65.225","65.238","64.774","","-0.50%"
"10/30/2017","65.225","65.203","65.271","64.884","","0.05%"
"10/27/2017","65.190","64.991","65.242","64.794","","0.31%"
"10/26/2017","64.990","65.606","65.698","64.971","","-0.94%"
"10/25/2017","65.604","65.666","65.871","65.337","","-0.11%"
"10/24/2017","65.674","66.017","66.091","65.662","","-0.51%"
"10/23/2017","66.013","66.038","66.150","65.778","","-0.10%"
"10/20/2017","66.078","66.578","66.626","66.004","","-0.74%"
"10/19/2017","66.573","66.258","66.782","66.224","","0.45%"
"10/18/2017","66.275","66.469","66.550","66.141","","-0.28%"
"10/17/2017","66.462","66.335","66.540","66.220","","0.21%"
"10/16/2017","66.325","66.393","66.530","66.244","","-0.10%"
"10/13/2017","66.393","66.696","66.895","66.298","","-0.46%"
"10/12/2017","66.701","66.934","67.058","66.633","","-0.35%"
"10/11/2017","66.934","66.915","67.077","66.800","","0.03%"
"10/10/2017","66.916","66.703","67.033","66.639","","0.31%"
"10/09/2017","66.706","66.856","66.913","66.624","","-0.24%"
"10/06/2017","66.868","66.591","66.944","66.486","","0.42%"
"10/05/2017","66.590","66.677","66.861","66.502","","-0.15%"
"10/04/2017","66.691","67.246","67.448","66.609","","-0.84%"
"10/03/2017","67.254","67.012","67.348","66.752","","0.38%"
"10/02/2017","67.001","67.445","67.466","66.947","","-0.67%"
"09/29/2017","67.455","67.476","67.539","67.184","","-0.04%"
"09/28/2017","67.484","67.603","67.725","67.198","","-0.17%"
"09/27/2017","67.601","67.554","67.775","67.247","","0.06%"
"09/26/2017","67.561","67.378","67.624","67.269","","0.26%"
"09/25/2017","67.385","66.737","67.524","66.696","","0.80%"
"09/22/2017","66.850","66.757","67.326","66.737","","0.14%"
"09/21/2017","66.759","66.287","66.925","66.150","","0.71%"
"09/20/2017","66.288","66.798","67.050","66.159","","-0.75%"
"09/19/2017","66.791","66.720","66.909","66.639","","0.10%"
"09/18/2017","66.727","66.698","66.940","66.540","","-0.09%"
"09/15/2017","66.788","66.575","67.034","66.430","","0.32%"
"09/14/2017","66.576","66.362","66.640","66.096","","0.29%"
"09/13/2017","66.383","66.701","66.826","66.260","","-0.45%"
"09/12/2017","66.681","66.853","66.999","66.564","","-0.27%"
"09/11/2017","66.864","67.370","67.391","66.808","","-0.99%"
"09/08/2017","67.533","67.342","67.820","67.206","","0.29%"
"09/07/2017","67.341","66.974","67.427","66.772","","0.54%"
"09/06/2017","66.981","67.097","67.343","66.847","","-0.18%"
"09/05/2017","67.105","66.834","67.239","66.704","","0.43%"
"09/04/2017","66.817","66.697","67.103","66.517","","0.68%"
"09/01/2017","66.368","66.689","67.070","66.320","","-0.49%"
"08/31/2017","66.696","66.400","66.731","66.038","","0.44%"
"08/30/2017","66.407","67.003","67.080","66.332","","-0.88%"
"08/29/2017","66.996","66.903","67.889","66.874","","0.15%"
"08/28/2017","66.895","67.070","67.077","66.694","","0.00%"
"08/25/2017","66.895","66.340","67.014","66.251","","0.84%"
"08/24/2017","66.340","66.389","66.561","66.231","","-0.01%"
"08/23/2017","66.347","66.211","66.471","66.061","","0.26%"
"08/22/2017","66.177","66.649","66.670","66.122","","-0.70%"
"08/21/2017","66.642","66.427","66.788","66.173","","0.33%"
"08/18/2017","66.420","66.642","66.880","66.276","","-0.33%"
"08/17/2017","66.642","66.436","66.816","66.162","","0.30%"
"08/16/2017","66.445","65.930","66.522","65.731","","0.80%"
"08/15/2017","65.919","65.942","66.097","65.704","","-0.02%"
"08/14/2017","65.930","66.666","66.701","65.849","","-1.12%"
"08/11/2017","66.680","66.593","66.977","66.532","","0.14%"
"08/10/2017","66.585","66.265","66.648","66.128","","0.48%"
"08/09/2017","66.269","65.382","66.442","65.335","","1.38%"
"08/08/2017","65.368","65.566","65.653","65.162","","-0.36%"
"08/07/2017","65.605","65.436","65.722","65.370","","0.24%"
"08/04/2017","65.449","65.807","65.930","65.224","","-0.50%"
"08/03/2017","65.777","65.559","65.894","65.479","","0.35%"
"08/02/2017","65.546","66.374","66.416","65.484","","-1.24%"
"08/01/2017","66.371","66.386","66.513","66.165","","-0.03%"
"07/31/2017","66.394","66.189","66.647","66.076","","0.32%"
"07/28/2017","66.180","66.440","66.558","65.942","","-0.42%"
"07/27/2017","66.457","67.656","67.713","66.376","","-1.81%"
"07/26/2017","67.681","67.644","67.787","67.099","","0.13%"
"07/25/2017","67.596","68.028","68.097","67.575","","-0.64%"
"07/24/2017","68.028","68.097","68.181","67.950","","-0.08%"
"07/21/2017","68.082","67.678","68.219","67.593","","0.60%"
"07/20/2017","67.677","67.248","67.814","66.960","","0.62%"
"07/19/2017","67.260","67.319","67.535","67.239","","-0.15%"
"07/18/2017","67.358","66.879","67.576","66.806","","0.77%"
"07/17/2017","66.842","66.799","67.075","66.651","","-0.03%"
"07/14/2017","66.864","66.691","66.930","66.492","","0.33%"
"07/13/2017","66.646","66.765","67.036","66.536","","-0.22%"
"07/12/2017","66.793","67.001","67.180","66.745","","-0.30%"
"07/11/2017","66.993","66.764","67.082","66.585","","0.34%"
"07/10/2017","66.765","67.039","67.080","66.641","","-0.41%"
"07/07/2017","67.038","67.415","67.442","66.924","","-0.51%"
"07/06/2017","67.380","67.213","67.422","67.026","","0.24%"
"07/05/2017","67.220","67.088","67.248","66.890","","0.18%"
"07/04/2017","67.102","67.315","67.395","67.020","","-0.29%"
"07/03/2017","67.294","67.389","67.588","67.240","","-0.20%"
"06/30/2017","67.432","67.650","67.713","67.319","","-0.31%"
"06/29/2017","67.643","67.221","67.664","67.179","","0.60%"
"06/28/2017","67.242","67.154","67.399","66.938","","0.16%"
"06/27/2017","67.133","66.264","67.225","66.224","","1.31%"
"06/26/2017","66.267","66.490","66.552","66.168","","-0.40%"
"06/23/2017","66.534","66.490","66.713","66.353","","0.09%"
"06/22/2017","66.476","66.369","66.497","66.258","","0.18%"
"06/21/2017","66.359","66.184","66.401","66.144","","0.25%"
"06/20/2017","66.192","66.078","66.347","66.016","","0.11%"
"06/19/2017","66.118","66.213","66.468","66.082","","-0.12%"
"06/16/2017","66.199","66.176","66.398","66.064","","-0.02%"
"06/15/2017","66.210","66.171","66.376","66.082","","0.09%"
"06/14/2017","66.150","66.407","66.644","65.987","","-0.40%"
"06/13/2017","66.418","66.566","66.695","66.386","","-0.21%"
"06/12/2017","66.557","66.278","66.699","66.271","","0.45%"
"06/09/2017","66.259","66.403","66.499","66.055","","-0.25%"
"06/08/2017","66.425","66.746","66.856","66.281","","-0.52%"
"06/07/2017","66.772","66.998","67.036","66.492","","-0.29%"
"06/06/2017","66.968","66.703","67.023","66.632","","0.46%"
"06/05/2017","66.663","66.845","66.907","66.598","","-0.42%"
"06/02/2017","66.942","66.331","66.949","66.253","","0.86%"
"06/01/2017","66.374","66.706","66.760","66.306","","-0.42%"
"05/31/2017","66.656","66.310","66.725","66.102","","0.52%"
"05/30/2017","66.313","66.002","66.417","65.887","","0.47%"
"05/29/2017","66.005","66.138","66.340","66.005","","-0.30%"
"05/26/2017","66.201","66.344","66.513","66.070","","-0.22%"
"05/25/2017","66.350","66.534","66.651","66.284","","-0.31%"
"05/24/2017","66.553","66.480","66.582","66.236","","0.10%"
"05/23/2017","66.484","66.261","66.855","66.227","","0.33%"
"05/22/2017","66.266","66.308","66.632","66.138","","-0.20%"
"05/19/2017","66.397","66.198","66.444","65.992","","0.28%"
"05/18/2017","66.211","65.499","66.489","65.453","","1.08%"
"05/17/2017","65.505","64.950","65.629","64.930","","0.85%"
"05/16/2017","64.954","64.275","65.046","64.249","","1.03%"
"05/15/2017","64.290","64.199","64.362","63.961","","0.14%"
"05/12/2017","64.201","63.888","64.311","63.758","","0.46%"
"05/11/2017","63.907","64.041","64.093","63.755","","-0.22%"
"05/10/2017","64.045","64.220","64.326","63.935","","-0.26%"
"05/09/2017","64.212","64.421","64.642","64.087","","-0.34%"
"05/08/2017","64.431","64.976","65.187","64.407","","-1.12%"
"05/05/2017","65.162","65.100","65.210","65.001","","0.08%"
"05/04/2017","65.107","64.500","65.127","64.481","","0.93%"
"05/03/2017","64.507","64.715","64.887","64.481","","-0.31%"
"05/02/2017","64.709","64.493","64.749","64.401","","0.33%"
"05/01/2017","64.494","64.647","64.758","64.474","","-0.16%"
"04/28/2017","64.600","64.507","65.044","64.449","","0.16%"
"04/27/2017","64.496","64.570","64.660","64.364","","-0.11%"
"04/26/2017","64.569","64.759","64.849","64.313","","-0.27%"
"04/25/2017","64.744","64.768","64.863","64.517","","-0.04%"
"04/24/2017","64.769","65.236","65.328","64.632","","-0.23%"
"04/21/2017","64.919","64.698","64.919","64.626","","0.33%"
"04/20/2017","64.704","64.747","65.011","64.672","","-0.10%"
"04/19/2017","64.766","64.865","64.903","64.656","","-0.13%"
"04/18/2017","64.848","64.176","64.893","64.151","","1.02%"
"04/17/2017","64.191","64.243","64.492","63.992","","0.10%"
"04/14/2017","64.130","64.062","64.284","64.049","","0.12%"
"04/13/2017","64.055","64.507","64.641","64.001","","-0.67%"
"04/12/2017","64.490","64.061","64.548","64.023","","0.65%"
"04/11/2017","64.074","64.041","64.208","63.945","","0.04%"
"04/10/2017","64.051","63.721","64.124","63.620","","0.56%"
"04/07/2017","63.697","64.284","64.454","63.663","","-0.92%"
"04/06/2017","64.291","64.551","64.834","64.225","","-0.41%"
"04/05/2017","64.558","64.945","65.044","64.361","","-0.61%"
"04/04/2017","64.951","64.867","65.019","64.718","","0.11%"
"04/03/2017","64.878","64.703","64.967","64.697","","0.34%"
"03/31/2017","64.659","64.769","64.933","64.659","","-0.19%"
"03/30/2017","64.779","65.071","65.245","64.753","","-0.49%"
"03/29/2017","65.097","65.543","65.644","65.017","","-0.68%"
"03/28/2017","65.540","65.927","66.175","65.461","","-0.60%"
"03/27/2017","65.934","66.090","66.257","65.865","","-0.09%"
"03/24/2017","65.993","65.897","66.165","65.719","","0.15%"
"03/23/2017","65.897","66.037","66.109","65.877","","-0.20%"
"03/22/2017","66.029","65.743","66.270","65.683","","0.43%"
"03/21/2017","65.746","65.433","65.859","65.323","","0.48%"
"03/20/2017","65.430","65.593","65.757","65.385","","-0.20%"
"03/17/2017","65.564","65.611","65.971","65.480","","-0.09%"
"03/16/2017","65.621","65.626","65.757","65.230","","0.02%"
"03/15/2017","65.610","65.096","65.728","64.798","","0.76%"
"03/14/2017","65.118","65.712","65.784","65.046","","-0.90%"
"03/13/2017","65.707","65.767","66.133","65.432","","-0.19%"
"03/10/2017","65.831","65.871","66.066","65.679","","-0.09%"
"03/09/2017","65.892","65.763","66.108","65.647","","0.14%"
"03/08/2017","65.798","65.764","65.928","65.697","","0.09%"
"03/07/2017","65.737","65.817","65.969","65.487","","-0.22%"
"03/06/2017","65.885","66.178","66.296","65.797","","-0.59%"
"03/03/2017","66.273","65.911","66.280","65.852","","0.55%"
"03/02/2017","65.909","66.249","66.308","65.797","","-0.55%"
"03/01/2017","66.275","66.340","66.440","66.012","","-0.10%"
"02/28/2017","66.340","66.107","66.635","66.029","","0.34%"
"02/27/2017","66.112","66.121","66.401","66.023","","-0.05%"
"02/24/2017","66.142","66.293","66.472","66.106","","-0.20%"
"02/23/2017","66.276","66.220","66.368","66.072","","0.02%"
"02/22/2017","66.260","66.359","66.495","66.097","","-0.12%"
"02/21/2017","66.341","66.740","66.760","66.249","","-0.57%"
"02/20/2017","66.718","66.916","67.023","66.660","","-0.27%"
"02/17/2017","66.896","67.252","67.384","66.827","","-0.56%"
"02/16/2017","67.275","66.492","67.296","66.419","","1.13%"
"02/15/2017","66.522","66.418","66.623","66.121","","0.14%"
"02/14/2017","66.430","66.561","66.794","66.317","","-0.26%"
"02/13/2017","66.602","66.665","66.930","66.499","","-0.13%"
"02/10/2017","66.687","66.681","66.895","66.481","","0.06%"
"02/09/2017","66.648","67.424","67.519","66.596","","-1.14%"
"02/08/2017","67.414","67.484","67.595","67.197","","-0.14%"
"02/07/2017","67.509","67.810","67.902","67.407","","-0.44%"
"02/06/2017","67.808","67.644","67.891","67.454","","0.18%"
"02/03/2017","67.685","67.702","67.906","67.381","","-0.03%"
"02/02/2017","67.704","67.841","68.315","67.663","","-0.26%"
"02/01/2017","67.883","68.213","68.376","67.672","","-0.53%"
"01/31/2017","68.242","68.154","68.487","68.040","","0.13%"
"01/30/2017","68.156","68.134","68.359","67.634","","0.06%"
"01/27/2017","68.115","68.242","68.304","68.033","","-0.10%"
"01/26/2017","68.183","68.035","68.364","67.975","","0.24%"
"01/25/2017","68.022","68.055","68.293","67.907","","-0.07%"
"01/24/2017","68.070","68.317","68.397","68.007","","-0.32%"
"01/23/2017","68.290","67.837","68.335","67.829","","0.50%"
"01/20/2017","67.949","67.734","68.043","67.548","","0.40%"
"01/19/2017","67.681","67.727","67.903","67.258","","-0.06%"
"01/18/2017","67.719","67.737","68.021","67.620","","-0.06%"
"01/17/2017","67.757","67.306","68.025","67.268","","0.72%"
"01/16/2017","67.272","67.476","67.603","67.209","","-0.44%"
"01/13/2017","67.566","67.457","67.912","67.368","","0.24%"
"01/12/2017","67.403","67.355","67.684","67.228","","0.05%"
"01/11/2017","67.369","67.250","67.571","66.820","","0.26%"
"01/10/2017","67.195","67.104","67.418","67.012","","0.16%"
"01/09/2017","67.091","66.874","67.200","66.831","","0.30%"
"01/06/2017","66.891","67.120","67.359","66.887","","-0.29%"
"01/05/2017","67.085","66.496","67.188","66.380","","0.87%"
"01/04/2017","66.505","66.447","66.605","66.278","","0.09%"
"01/03/2017","66.447","66.576","66.749","66.184","","-0.20%"
"01/02/2017","66.577","66.557","66.819","66.455","","-0.22%"
"12/30/2016","66.727","66.402","67.514","66.368","","0.47%"
"12/29/2016","66.418","66.332","66.647","66.269","","0.10%"
"12/28/2016","66.349","66.081","66.490","66.053","","0.35%"
"12/27/2016","66.120","65.972","66.284","65.876","","0.23%"
"12/26/2016","65.966","66.115","66.237","65.921","","-0.17%"
"12/23/2016","66.076","66.183","66.328","65.936","","-0.11%"
"12/22/2016","66.147","66.059","66.507","66.001","","0.12%"
"12/21/2016","66.066","65.983","66.353","65.902","","0.09%"
"12/20/2016","66.005","66.076","66.212","65.928","","-0.05%"
"12/19/2016","66.041","66.052","66.421","65.967","","-0.13%"
"12/16/2016","66.129","65.925","66.270","65.769","","0.38%"
"12/15/2016","65.880","66.091","66.343","65.617","","-0.38%"
"12/14/2016","66.132","66.612","66.969","65.971","","-0.71%"
"12/13/2016","66.605","66.552","66.884","66.416","","0.10%"
"12/12/2016","66.539","66.287","66.612","66.162","","0.39%"
"12/09/2016","66.278","66.481","66.609","66.106","","-0.27%"
"12/08/2016","66.459","66.951","67.224","66.231","","-0.71%"
"12/07/2016","66.932","67.087","67.417","66.858","","-0.19%"
"12/06/2016","67.061","67.547","67.707","66.906","","-0.78%"
"12/05/2016","67.589","67.312","67.716","66.786","","0.49%"
"12/02/2016","67.257","67.506","67.770","67.204","","-0.43%"
"12/01/2016","67.546","67.439","67.578","67.209","","0.20%"
"11/30/2016","67.412","67.821","67.908","67.166","","-0.60%"
"11/29/2016","67.819","67.669","67.895","67.510","","0.19%"
"11/28/2016","67.693","67.611","68.219","67.461","","0.13%"
"11/25/2016","67.606","67.611","67.849","67.198","","0.00%"
"11/24/2016","67.608","67.644","67.767","67.292","","-0.05%"
"11/23/2016","67.644","67.654","68.052","67.501","","0.02%"
"11/22/2016","67.632","67.645","67.796","67.433","","0.00%"
"11/21/2016","67.632","67.492","67.746","67.359","","0.18%"
"11/18/2016","67.512","67.576","67.779","67.281","","-0.05%"
"11/17/2016","67.544","67.853","67.962","67.446","","-0.48%"
"11/16/2016","67.870","67.650","68.037","67.495","","0.30%"
"11/15/2016","67.668","67.918","68.168","67.537","","-0.36%"
"11/14/2016","67.914","68.353","68.360","67.731","","-0.64%"
"11/11/2016","68.351","67.807","68.701","67.670","","0.89%"
"11/10/2016","67.746","67.561","67.856","67.278","","0.26%"
"11/09/2016","67.573","67.767","70.102","67.382","","-0.25%"
"11/08/2016","67.739","68.543","68.574","67.659","","-1.13%"
"11/07/2016","68.513","68.903","68.903","68.154","","-0.65%"
"11/04/2016","68.961","68.477","69.039","68.380","","0.75%"
"11/03/2016","68.451","68.611","68.850","68.341","","-0.21%"
"11/02/2016","68.593","68.399","68.917","68.300","","0.32%"
"11/01/2016","68.377","67.407","68.587","67.288","","1.42%"
"10/31/2016","67.421","67.620","67.692","67.325","","-0.18%"
"10/28/2016","67.545","67.320","67.804","67.127","","0.35%"
"10/27/2016","67.312","67.326","67.543","67.197","","0.01%"
"10/26/2016","67.307","67.190","67.505","67.044","","0.19%"
"10/25/2016","67.179","67.312","67.377","66.828","","-0.15%"
"10/24/2016","67.278","67.317","67.516","67.165","","-0.13%"
"10/21/2016","67.364","67.335","67.401","67.130","","0.07%"
"10/20/2016","67.314","67.373","67.893","67.199","","-0.12%"
"10/19/2016","67.397","67.382","67.550","67.244","","-0.02%"
"10/18/2016","67.413","67.559","67.722","67.262","","-0.16%"
"10/17/2016","67.522","67.415","67.683","67.299","","0.20%"
"10/14/2016","67.385","67.709","67.787","67.284","","-0.51%"
"10/13/2016","67.729","67.433","67.806","67.324","","0.43%"
"10/12/2016","67.439","67.585","67.683","67.359","","-0.23%"
"10/11/2016","67.594","67.715","67.819","67.379","","-0.12%"
"10/10/2016","67.677","68.079","68.183","67.573","","-0.68%"
"10/07/2016","68.142","67.989","68.209","67.692","","0.19%"
"10/06/2016","68.013","68.311","68.437","67.873","","-0.48%"
"10/05/2016","68.338","68.020","68.382","67.906","","0.44%"
"10/04/2016","68.041","68.333","68.451","67.606","","-0.46%"
"10/03/2016","68.357","68.393","68.649","68.211","","-0.22%"
"09/30/2016","68.505","69.118","69.238","68.229","","-0.94%"
"09/29/2016","69.153","68.264","69.240","68.207","","1.20%"
"09/28/2016","68.331","68.362","68.638","68.202","","-0.12%"
"09/27/2016","68.416","68.698","68.827","68.319","","-0.45%"
"09/26/2016","68.722","68.632","68.990","68.595","","0.02%"
"09/23/2016","68.710","68.740","68.857","68.361","","-0.11%"
"09/22/2016","68.786","68.501","69.103","68.389","","0.36%"
"09/21/2016","68.536","68.377","68.906","68.192","","0.19%"
"09/20/2016","68.404","68.316","68.668","68.196","","0.08%"
"09/19/2016","68.351","68.434","68.482","68.166","","-0.06%"
"09/16/2016","68.392","68.754","68.854","68.296","","-0.58%"
"09/15/2016","68.793","68.592","69.002","68.470","","0.25%"
"09/14/2016","68.624","68.718","68.883","68.218","","-0.19%"
"09/13/2016","68.757","68.615","69.070","68.505","","0.13%"
"09/12/2016","68.667","68.458","68.918","68.441","","0.13%"
"09/09/2016","68.575","68.483","68.676","68.191","","0.10%"
"09/08/2016","68.507","68.503","68.825","68.297","","-0.06%"
"09/07/2016","68.549","68.323","68.623","68.169","","0.28%"
"09/06/2016","68.358","67.762","68.401","67.672","","0.78%"
"09/05/2016","67.830","68.025","68.246","67.700","","-0.38%"
"09/02/2016","68.092","68.112","68.536","67.808","","-0.10%"
"09/01/2016","68.157","68.052","68.382","67.712","","0.13%"
"08/31/2016","68.069","68.212","68.359","67.871","","-0.27%"
"08/30/2016","68.250","68.557","68.664","68.129","","-0.52%"
"08/29/2016","68.606","68.630","68.834","68.449","","0.10%"
"08/26/2016","68.535","69.200","69.559","68.470","","-1.03%"
"08/25/2016","69.250","69.370","69.596","69.125","","-0.31%"
"08/24/2016","69.463","69.618","69.842","69.248","","-0.32%"
"08/23/2016","69.683","69.781","69.954","69.560","","-0.21%"
"08/22/2016","69.828","69.845","70.046","69.531","","-0.05%"
"08/19/2016","69.862","69.998","70.137","69.779","","-0.25%"
"08/18/2016","70.037","69.474","70.096","69.393","","0.73%"
"08/17/2016","69.531","69.487","69.744","69.237","","-0.01%"
"08/16/2016","69.536","68.677","69.591","68.594","","1.18%"
"08/15/2016","68.722","68.461","68.883","68.433","","0.09%"
"08/12/2016","68.662","68.403","68.821","68.272","","0.35%"
"08/11/2016","68.420","68.425","68.778","68.290","","-0.07%"
"08/10/2016","68.467","68.023","68.543","67.895","","0.63%"
"08/09/2016","68.040","67.983","68.194","67.836","","0.06%"
"08/08/2016","68.000","68.153","68.295","67.832","","-0.23%"
"08/05/2016","68.157","68.565","68.731","67.953","","-0.66%"
"08/04/2016","68.611","68.567","68.919","68.455","","0.00%"
"08/03/2016","68.609","69.112","69.393","68.476","","-0.79%"
"08/02/2016","69.158","68.876","69.253","68.770","","0.32%"
"08/01/2016","68.940","68.705","69.065","68.648","","0.25%"
"07/29/2016","68.766","68.294","69.292","68.184","","0.65%"
"07/28/2016","68.319","68.007","68.460","67.853","","0.43%"
"07/27/2016","68.025","67.792","68.059","67.429","","0.28%"
"07/26/2016","67.837","68.332","68.463","67.738","","-0.79%"
"07/25/2016","68.380","67.916","68.438","67.788","","0.54%"
"07/22/2016","68.011","68.090","68.286","67.751","","-0.17%"
"07/21/2016","68.127","67.983","68.332","67.721","","0.13%"
"07/20/2016","68.041","68.141","68.238","67.802","","-0.22%"
"07/19/2016","68.193","68.295","68.449","67.946","","-0.22%"
"07/18/2016","68.340","68.241","68.449","68.043","","0.02%"
"07/15/2016","68.323","68.128","68.611","67.963","","0.26%"
"07/14/2016","68.148","67.992","68.561","67.898","","0.20%"
"07/13/2016","68.013","67.681","68.263","67.572","","0.41%"
"07/12/2016","67.733","68.282","68.585","67.613","","-0.84%"
"07/11/2016","68.306","68.228","68.520","68.060","","0.04%"
"07/08/2016","68.276","68.996","69.107","68.115","","-1.03%"
"07/07/2016","68.985","69.122","69.273","68.804","","-0.23%"
"07/06/2016","69.143","69.011","69.262","68.778","","0.16%"
"07/05/2016","69.035","69.175","69.627","68.913","","-0.30%"
"07/04/2016","69.242","68.980","69.365","68.841","","0.30%"
"07/01/2016","69.037","69.118","69.359","68.846","","-0.17%"
"06/30/2016","69.156","68.759","69.434","68.697","","0.49%"
"06/29/2016","68.819","68.918","69.225","68.663","","-0.18%"
"06/28/2016","68.942","69.354","69.567","68.840","","-0.67%"
"06/27/2016","69.406","69.703","69.939","69.140","","-0.46%"
"06/24/2016","69.726","70.167","70.401","68.966","","-0.70%"
"06/23/2016","70.214","70.323","70.671","70.007","","-0.22%"
"06/22/2016","70.370","70.226","70.564","70.151","","0.13%"
"06/21/2016","70.280","70.180","70.779","69.970","","0.12%"
"06/20/2016","70.197","69.748","70.650","69.502","","0.47%"
"06/17/2016","69.872","69.731","70.006","69.536","","0.18%"
"06/16/2016","69.749","69.747","70.290","69.376","","-0.04%"
"06/15/2016","69.779","69.830","69.914","69.382","","-0.11%"
"06/14/2016","69.856","69.613","70.015","69.517","","0.27%"
"06/13/2016","69.667","69.356","69.767","69.284","","0.38%"
"06/10/2016","69.406","69.178","69.600","69.095","","0.29%"
"06/09/2016","69.203","69.275","69.617","69.011","","-0.18%"
"06/08/2016","69.328","69.008","69.425","68.982","","0.39%"
"06/07/2016","69.061","68.796","69.288","68.674","","0.36%"
"06/06/2016","68.816","68.574","69.047","68.345","","0.25%"
"06/03/2016","68.647","67.875","68.724","67.727","","1.06%"
"06/02/2016","67.930","68.194","68.396","67.792","","-0.45%"
"06/01/2016","68.239","67.618","68.492","67.414","","0.88%"
"05/31/2016","67.642","67.654","68.035","67.396","","-0.08%"
"05/30/2016","67.698","67.358","67.880","67.329","","0.46%"
"05/27/2016","67.388","67.606","67.879","67.218","","-0.39%"
"05/26/2016","67.651","67.819","68.167","67.467","","-0.31%"
"05/25/2016","67.863","68.028","68.230","67.728","","-0.33%"
"05/24/2016","68.087","68.080","68.460","67.986","","-0.05%"
"05/23/2016","68.118","67.956","68.284","67.846","","0.06%"
"05/20/2016","68.076","68.045","68.218","67.828","","0.01%"
"05/19/2016","68.069","67.952","68.428","67.865","","0.15%"
"05/18/2016","67.970","68.088","68.376","67.892","","-0.26%"
"05/17/2016","68.147","68.316","68.563","68.053","","-0.31%"
"05/16/2016","68.362","68.510","68.669","68.259","","-0.25%"
"05/13/2016","68.534","68.769","68.861","68.361","","-0.38%"
"05/12/2016","68.797","68.525","69.012","68.383","","0.37%"
"05/11/2016","68.546","68.224","68.679","68.136","","0.40%"
"05/10/2016","68.273","68.700","68.841","68.175","","-0.67%"
"05/09/2016","68.731","68.520","68.891","68.281","","0.36%"
"05/06/2016","68.483","68.741","69.044","68.371","","-0.43%"
"05/05/2016","68.779","69.552","69.663","68.576","","-1.14%"
"05/04/2016","69.570","69.713","69.877","69.362","","-0.30%"
"05/03/2016","69.782","69.477","70.226","69.355","","0.38%"
"05/02/2016","69.517","69.253","69.643","69.060","","0.44%"
"04/29/2016","69.214","68.664","69.351","68.588","","0.78%"
"04/28/2016","68.681","68.284","68.918","68.184","","0.52%"
"04/27/2016","68.329","68.159","68.817","68.085","","0.18%"
"04/26/2016","68.208","68.365","68.612","68.055","","-0.27%"
"04/25/2016","68.394","68.108","68.513","68.004","","0.40%"
"04/22/2016","68.121","68.128","68.416","67.984","","-0.08%"
"04/21/2016","68.173","67.998","68.698","67.969","","0.16%"
"04/20/2016","68.061","68.724","69.039","67.896","","-1.03%"
"04/19/2016","68.770","68.837","69.202","68.689","","-0.16%"
"04/18/2016","68.882","68.915","69.112","68.750","","-0.02%"
"04/15/2016","68.897","68.845","69.032","68.612","","0.03%"
"04/14/2016","68.874","68.727","69.156","68.658","","0.15%"
"04/13/2016","68.773","69.403","69.512","68.667","","-0.89%"
"04/12/2016","69.388","69.422","70.055","69.169","","-0.14%"
"04/11/2016","69.483","69.770","69.966","69.336","","-0.36%"
"04/08/2016","69.735","69.833","69.921","69.434","","-0.18%"
"04/07/2016","69.858","69.568","69.969","69.358","","0.38%"
"04/06/2016","69.593","69.447","69.865","69.207","","0.17%"
"04/05/2016","69.472","68.872","69.686","68.796","","0.78%"
"04/04/2016","68.932","69.192","69.333","68.638","","-0.55%"
"04/01/2016","69.311","68.853","69.463","68.781","","0.61%"
"03/31/2016","68.890","68.742","69.264","68.476","","0.16%"
"03/30/2016","68.782","68.595","69.213","68.496","","0.19%"
"03/29/2016","68.651","68.355","68.775","68.004","","0.37%"
"03/28/2016","68.400","68.357","68.518","68.036","","0.06%"
"03/25/2016","68.361","68.558","68.669","68.201","","-0.33%"
"03/24/2016","68.590","68.580","68.689","68.320","","-0.05%"
"03/23/2016","68.626","68.583","68.740","68.290","","0.00%"
"03/22/2016","68.629","68.539","68.871","68.407","","0.09%"
"03/21/2016","68.564","68.377","68.805","68.249","","0.21%"
"03/18/2016","68.422","68.826","69.035","68.332","","-0.62%"
"03/17/2016","68.846","68.744","69.060","68.242","","0.13%"
"03/16/2016","68.754","68.194","68.902","67.781","","0.75%"
"03/15/2016","68.245","67.978","68.430","67.860","","0.36%"
"03/14/2016","68.002","68.127","68.234","67.783","","-0.14%"
"03/11/2016","68.096","68.330","68.522","67.745","","-0.36%"
"03/10/2016","68.341","67.262","68.674","66.237","","1.52%"
"03/09/2016","67.319","67.557","67.697","66.899","","-0.39%"
"03/08/2016","67.580","67.248","68.147","67.199","","0.41%"
"03/07/2016","67.302","67.356","67.509","66.939","","-0.07%"
"03/04/2016","67.349","67.613","67.905","67.056","","-0.37%"
"03/03/2016","67.602","67.602","67.999","67.357","","-0.03%"
"03/02/2016","67.619","67.906","68.047","67.331","","-0.46%"
"03/01/2016","67.930","68.294","68.572","67.652","","-0.56%"
"02/29/2016","68.311","68.934","69.102","68.037","","-0.94%"
"02/26/2016","68.958","69.417","69.704","68.771","","-0.70%"
"02/25/2016","69.441","69.155","69.673","68.974","","0.35%"
"02/24/2016","69.200","69.118","69.568","68.818","","0.04%"
"02/23/2016","69.170","68.509","69.328","68.449","","0.91%"
"02/22/2016","68.547","69.290","69.502","68.449","","-0.97%"
"02/19/2016","69.216","68.973","69.349","68.707","","0.30%"
"02/18/2016","69.011","68.801","69.238","68.667","","0.23%"
"02/17/2016","68.852","69.213","69.693","68.699","","-0.59%"
"02/16/2016","69.260","68.970","69.522","68.873","","0.35%"
"02/15/2016","69.015","69.702","69.869","68.789","","-0.98%"
"02/12/2016","69.701","70.375","70.523","69.551","","-0.96%"
"02/11/2016","70.374","69.662","70.654","69.600","","0.98%"
"02/10/2016","69.690","69.753","70.004","69.065","","-0.15%"
"02/09/2016","69.796","68.899","70.124","68.831","","1.27%"
"02/08/2016","68.923","68.333","69.157","68.151","","0.73%"
"02/05/2016","68.425","67.976","68.475","67.756","","0.63%"
"02/04/2016","68.000","67.607","68.221","67.235","","0.52%"
"02/03/2016","67.650","66.700","68.023","66.617","","1.37%"
"02/02/2016","66.734","66.463","66.869","66.405","","0.33%"
"02/01/2016","66.515","66.296","66.897","66.154","","0.27%"
"01/29/2016","66.339","67.077","67.251","66.064","","-1.19%"
"01/28/2016","67.136","67.074","67.483","66.806","","0.02%"
"01/27/2016","67.124","66.578","67.287","66.472","","0.78%"
"01/26/2016","66.607","66.869","67.067","66.346","","-0.44%"
"01/25/2016","66.899","66.485","67.000","66.407","","0.63%"
"01/22/2016","66.478","67.285","67.386","66.364","","-1.22%"
"01/21/2016","67.302","67.603","68.031","66.820","","-0.51%"
"01/20/2016","67.647","67.447","68.255","67.382","","0.22%"
"01/19/2016","67.501","67.248","67.824","66.921","","0.30%"
"01/18/2016","67.302","67.578","67.754","67.064","","-0.45%"
"01/15/2016","67.606","66.957","68.079","66.830","","0.95%"
"01/14/2016","66.971","66.502","67.423","66.373","","0.70%"
"01/13/2016","66.505","66.736","66.827","66.038","","-0.44%"
"01/12/2016","66.799","66.637","67.202","66.482","","0.26%"
"01/11/2016","66.627","67.141","67.711","66.553","","-0.82%"
"01/08/2016","67.177","67.312","67.394","66.302","","-0.23%"
"01/07/2016","67.335","66.159","67.445","66.073","","1.71%"
"01/06/2016","66.202","65.871","66.365","65.800","","0.44%"
"01/05/2016","65.913","66.403","66.571","65.672","","-0.79%"
"01/04/2016","66.436","66.023","67.117","66.009","","0.45%"
"01/01/2016","66.136","66.073","66.168","65.988","","0.10%"
"12/31/2015","66.073","67.186","67.323","65.948","","-1.72%"
"12/30/2015","67.232","66.632","67.496","66.578","","0.81%"
"12/29/2015","66.695","66.890","67.335","66.578","","-0.34%"
"12/28/2015","66.923","66.790","67.141","66.769","","0.10%"
"12/25/2015","66.855","66.805","67.243","66.689","","0.00%"
"12/24/2015","66.856","66.600","67.337","66.509","","0.30%"
"12/23/2015","66.653","67.045","67.338","66.300","","-0.72%"
"12/22/2015","67.137","66.755","67.183","66.632","","0.52%"
"12/21/2015","66.792","66.744","66.949","66.486","","0.10%"
"12/18/2015","66.722","66.658","66.965","66.431","","-0.03%"
"12/17/2015","66.742","67.103","67.433","66.305","","-0.60%"
"12/16/2015","67.144","67.420","67.745","66.912","","-0.42%"
"12/15/2015","67.429","68.105","68.453","67.242","","-0.97%"
"12/14/2015","68.090","68.265","68.576","67.835","","-0.28%"
"12/11/2015","68.282","67.578","68.442","67.427","","1.01%"
"12/10/2015","67.601","68.022","68.125","67.323","","-0.58%"
"12/09/2015","67.998","67.318","68.160","67.129","","0.89%"
"12/08/2015","67.396","66.729","67.426","66.621","","0.95%"
"12/07/2015","66.760","66.807","66.948","66.421","","-0.14%"
"12/04/2015","66.851","67.190","67.536","66.388","","-0.57%"
"12/03/2015","67.233","65.339","67.631","64.972","","2.82%"
"12/02/2015","65.391","64.734","65.418","64.514","","0.98%"
"12/01/2015","64.756","64.573","64.878","64.459","","0.23%"
"11/30/2015","64.608","64.799","64.955","64.472","","-0.46%"
"11/27/2015","64.909","65.006","65.392","64.542","","-0.18%"
"11/26/2015","65.024","64.923","65.215","64.805","","0.07%"
"11/25/2015","64.977","65.126","65.391","64.620","","-0.29%"
"11/24/2015","65.167","65.148","65.405","65.046","","-0.04%"
"11/23/2015","65.190","64.816","65.298","64.664","","0.53%"
"11/20/2015","64.846","65.213","65.404","64.705","","-0.63%"
"11/19/2015","65.258","64.703","65.391","64.684","","0.79%"
"11/18/2015","64.744","65.015","65.451","64.665","","-0.45%"
"11/17/2015","65.037","65.198","65.489","64.798","","-0.38%"
"11/16/2015","65.285","65.669","65.773","65.151","","-0.51%"
"11/13/2015","65.620","66.060","66.191","65.407","","-0.64%"
"11/12/2015","66.042","65.700","66.147","65.465","","0.45%"
"11/11/2015","65.748","65.723","66.059","65.590","","-0.08%"
"11/10/2015","65.798","66.260","66.310","65.587","","-0.67%"
"11/09/2015","66.244","65.703","66.427","65.651","","0.85%"
"11/06/2015","65.686","66.148","66.397","65.406","","-0.74%"
"11/05/2015","66.178","66.035","66.308","65.786","","0.20%"
"11/04/2015","66.045","66.155","66.314","65.707","","-0.17%"
"11/03/2015","66.155","66.388","66.577","65.985","","-0.42%"
"11/02/2015","66.435","66.157","66.686","66.124","","0.33%"
"10/30/2015","66.218","66.127","66.466","65.758","","0.10%"
"10/29/2015","66.150","65.277","66.184","65.178","","1.20%"
"10/28/2015","65.365","66.026","66.178","65.159","","-1.02%"
"10/27/2015","66.040","65.986","66.277","65.820","","0.06%"
"10/26/2015","66.003","66.281","66.611","65.816","","-0.45%"
"10/23/2015","66.302","66.659","66.891","66.139","","-0.55%"
"10/22/2015","66.671","67.864","68.001","66.550","","-1.78%"
"10/21/2015","67.882","67.971","68.467","67.772","","-0.18%"
"10/20/2015","68.002","67.811","68.502","67.777","","0.21%"
"10/19/2015","67.858","67.792","68.061","67.598","","0.00%"
"10/16/2015","67.858","68.106","68.370","67.734","","-0.38%"
"10/15/2015","68.117","68.132","68.415","67.781","","-0.07%"
"10/14/2015","68.165","67.928","68.421","67.797","","0.30%"
"10/13/2015","67.963","67.253","68.186","67.122","","0.91%"
"10/12/2015","67.347","67.328","67.618","67.181","","-0.05%"
"10/09/2015","67.380","67.111","67.641","66.890","","0.44%"
"10/08/2015","67.087","66.684","67.422","66.568","","0.64%"
"10/07/2015","66.663","67.327","67.770","66.537","","-1.03%"
"10/06/2015","67.358","66.784","67.463","66.636","","0.85%"
"10/05/2015","66.790","67.258","67.427","66.564","","-0.77%"
"10/02/2015","67.309","67.152","67.886","66.781","","0.23%"
"10/01/2015","67.155","67.283","67.444","66.841","","-0.25%"
"09/30/2015","67.321","67.750","67.961","66.930","","-0.66%"
"09/29/2015","67.769","68.026","68.365","67.595","","-0.42%"
"09/28/2015","68.053","67.545","68.165","67.264","","0.63%"
"09/25/2015","67.624","67.725","67.883","67.130","","-0.26%"
"09/24/2015","67.798","67.525","68.635","67.348","","0.36%"
"09/23/2015","67.556","67.548","67.867","67.251","","-0.05%"
"09/22/2015","67.593","67.551","67.912","67.223","","0.00%"
"09/21/2015","67.594","67.944","68.164","67.340","","-0.62%"
"09/18/2015","68.017","68.811","69.144","67.737","","-1.18%"
"09/17/2015","68.832","68.130","68.984","67.936","","0.95%"
"09/16/2015","68.182","68.189","68.742","68.008","","-0.11%"
"09/15/2015","68.255","68.448","68.698","67.935","","-0.24%"
"09/14/2015","68.416","68.181","68.741","68.174","","0.07%"
"09/11/2015","68.368","68.072","68.556","67.788","","0.37%"
"09/10/2015","68.118","68.247","68.564","67.806","","-0.33%"
"09/09/2015","68.341","67.726","68.423","67.403","","0.87%"
"09/08/2015","67.750","68.604","68.790","67.508","","-1.21%"
"09/07/2015","68.583","68.525","68.820","68.324","","-0.05%"
"09/04/2015","68.614","67.924","68.785","67.750","","1.03%"
"09/03/2015","67.914","68.331","68.465","67.564","","-0.63%"
"09/02/2015","68.348","69.254","69.387","68.140","","-1.29%"
"09/01/2015","69.243","68.654","69.393","68.591","","0.82%"
"08/31/2015","68.678","68.639","69.209","68.483","","-0.08%"
"08/28/2015","68.734","68.244","69.069","68.189","","0.66%"
"08/27/2015","68.284","69.118","69.486","68.173","","-1.27%"
"08/26/2015","69.165","70.523","70.641","69.038","","-1.99%"
"08/25/2015","70.572","71.732","71.873","69.450","","-1.71%"
"08/24/2015","71.797","69.579","72.171","69.528","","2.93%"
"08/21/2015","69.751","68.241","69.817","68.121","","2.19%"
"08/20/2015","68.259","67.427","68.385","67.250","","1.19%"
"08/19/2015","67.457","66.950","67.599","66.685","","0.72%"
"08/18/2015","66.977","66.830","67.167","66.630","","0.23%"
"08/17/2015","66.826","66.617","67.082","66.514","","0.13%"
"08/14/2015","66.737","66.741","67.029","66.377","","-0.06%"
"08/13/2015","66.779","66.433","67.105","66.101","","0.44%"
"08/12/2015","66.484","65.057","67.026","64.965","","2.09%"
"08/11/2015","65.126","64.813","65.578","64.638","","0.47%"
"08/10/2015","64.823","64.751","65.052","64.486","","0.05%"
"08/07/2015","64.789","64.900","65.196","64.521","","-0.27%"
"08/06/2015","64.966","65.021","65.308","64.660","","-0.13%"
"08/05/2015","65.048","65.183","65.415","64.793","","-0.20%"
"08/04/2015","65.179","66.165","66.263","65.094","","-1.56%"
"08/03/2015","66.209","66.154","66.335","65.972","","-0.05%"
"07/31/2015","66.240","66.091","67.067","66.049","","0.11%"
"07/30/2015","66.169","65.914","66.233","65.765","","0.36%"
"07/29/2015","65.931","66.247","66.586","65.816","","-0.53%"
"07/28/2015","66.285","66.655","66.841","65.950","","-0.59%"
"07/27/2015","66.676","66.524","67.277","66.498","","0.17%"
"07/24/2015","66.562","66.568","66.986","66.336","","-0.05%"
"07/23/2015","66.595","66.230","66.915","66.140","","0.51%"
"07/22/2015","66.255","66.311","66.462","65.988","","-0.10%"
"07/21/2015","66.322","65.917","66.534","65.857","","0.59%"
"07/20/2015","65.934","65.973","66.284","65.855","","-0.18%"
"07/17/2015","66.055","66.269","66.471","65.904","","-0.30%"
"07/16/2015","66.255","66.678","66.781","66.129","","-0.68%"
"07/15/2015","66.706","66.904","67.137","66.457","","-0.40%"
"07/14/2015","66.971","66.736","67.388","66.565","","0.31%"
"07/13/2015","66.761","67.349","67.713","66.666","","-1.04%"
"07/10/2015","67.464","66.774","67.940","66.675","","1.00%"
"07/09/2015","66.795","67.089","67.413","66.546","","-0.49%"
"07/08/2015","67.121","67.010","67.569","66.711","","0.10%"
"07/07/2015","67.053","67.085","67.322","66.705","","-0.08%"
"07/06/2015","67.109","67.234","67.584","66.833","","-0.46%"
"07/03/2015","67.416","67.072","67.530","67.028","","0.48%"
"07/02/2015","67.094","66.976","67.316","66.740","","0.12%"
"07/01/2015","67.014","67.970","68.197","66.927","","-1.43%"
"06/30/2015","67.989","68.840","68.907","67.720","","-1.29%"
"06/29/2015","68.881","67.430","68.911","67.392","","1.28%"
"06/26/2015","68.009","67.789","68.440","67.773","","0.30%"
"06/25/2015","67.803","67.997","68.240","67.477","","-0.34%"
"06/24/2015","68.033","68.036","68.538","67.734","","-0.07%"
"06/23/2015","68.079","68.887","68.982","67.752","","-1.24%"
"06/22/2015","68.931","69.187","69.340","68.783","","-0.39%"
"06/19/2015","69.203","68.989","69.280","68.590","","0.28%"
"06/18/2015","69.008","69.332","69.698","68.736","","-0.51%"
"06/17/2015","69.362","68.800","69.595","68.751","","0.77%"
"06/16/2015","68.829","68.920","69.208","68.691","","-0.17%"
"06/15/2015","68.946","68.973","69.044","68.183","","-0.07%"
"06/12/2015","68.995","68.468","69.339","68.213","","0.68%"
"06/11/2015","68.527","68.446","68.724","67.946","","0.10%"
"06/10/2015","68.456","68.692","69.143","68.339","","-0.42%"
"06/09/2015","68.743","68.935","69.154","68.469","","-0.32%"
"06/08/2015","68.964","67.585","69.068","67.585","","1.59%"
"06/05/2015","67.883","68.488","68.781","67.038","","-0.93%"
"06/04/2015","68.517","68.486","69.115","68.320","","-0.02%"
"06/03/2015","68.534","68.230","68.675","67.813","","0.42%"
"06/02/2015","68.249","67.206","68.484","67.138","","1.51%"
"06/01/2015","67.234","67.762","67.887","67.033","","-0.82%"
"05/29/2015","67.790","67.564","68.151","67.192","","0.32%"
"05/28/2015","67.571","67.218","67.792","66.999","","0.51%"
"05/27/2015","67.228","67.089","67.613","67.023","","0.18%"
"05/26/2015","67.106","67.149","67.632","67.007","","-0.13%"
"05/25/2015","67.192","67.246","67.676","67.071","","-0.08%"
"05/22/2015","67.249","67.844","68.440","67.058","","-0.91%"
"05/21/2015","67.869","67.835","68.432","67.737","","0.03%"
"05/20/2015","67.849","68.004","68.220","67.714","","-0.31%"
"05/19/2015","68.058","68.752","68.859","67.863","","-1.01%"
"05/18/2015","68.755","69.113","69.509","68.689","","-0.73%"
"05/15/2015","69.261","69.433","69.728","68.663","","-0.25%"
"05/14/2015","69.438","69.804","70.197","69.162","","-0.56%"
"05/13/2015","69.826","69.024","69.842","68.763","","1.16%"
"05/12/2015","69.027","68.505","69.746","68.404","","0.75%"
"05/11/2015","68.512","68.347","68.811","68.210","","0.11%"
"05/08/2015","68.440","69.480","69.674","68.297","","-1.55%"
"05/07/2015","69.516","69.414","70.871","69.378","","0.13%"
"05/06/2015","69.428","68.378","69.688","68.227","","1.48%"
"05/05/2015","68.415","67.986","68.561","67.332","","0.57%"
"05/04/2015","68.025","68.138","68.321","67.809","","-0.44%"
"05/01/2015","68.325","68.081","68.531","67.904","","0.29%"
"04/30/2015","68.128","67.507","68.263","67.293","","0.89%"
"04/29/2015","67.525","65.968","67.815","65.876","","2.31%"
"04/28/2015","66.001","66.335","66.489","65.708","","-0.52%"
"04/27/2015","66.349","66.631","66.826","66.177","","-0.56%"
"04/24/2015","66.725","66.255","66.806","66.016","","0.68%"
"04/23/2015","66.273","64.778","66.380","64.741","","2.24%"
"04/22/2015","64.818","65.750","66.250","64.784","","-1.54%"
"04/21/2015","65.833","65.991","66.179","65.158","","-0.27%"
"04/20/2015","66.009","65.522","66.198","65.459","","0.46%"
"04/17/2015","65.708","65.141","65.776","64.973","","0.80%"
"04/16/2015","65.186","64.631","65.322","64.123","","0.83%"
"04/15/2015","64.648","63.986","64.698","63.814","","1.01%"
"04/14/2015","64.002","63.787","64.379","63.606","","0.30%"
"04/13/2015","63.810","63.510","63.941","63.289","","0.34%"
"04/10/2015","63.592","63.704","63.962","63.287","","-0.23%"
"04/09/2015","63.737","64.310","64.391","63.590","","-0.94%"
"04/08/2015","64.339","64.425","64.890","64.261","","-0.23%"
"04/07/2015","64.488","64.829","65.216","64.324","","-0.62%"
"04/06/2015","64.891","65.087","65.505","64.706","","-0.30%"
"04/03/2015","65.088","64.649","65.404","64.567","","0.65%"
"04/02/2015","64.666","64.252","64.974","64.192","","0.60%"
"04/01/2015","64.279","64.023","64.515","63.873","","0.36%"
"03/31/2015","64.046","64.619","64.759","63.959","","-0.89%"
"03/30/2015","64.623","65.009","65.227","64.428","","-0.64%"
"03/27/2015","65.040","65.240","65.401","64.520","","-0.33%"
"03/26/2015","65.254","65.009","66.109","64.962","","0.35%"
"03/25/2015","65.026","65.050","65.265","64.823","","-0.06%"
"03/24/2015","65.067","64.371","65.403","64.137","","1.02%"
"03/23/2015","64.407","63.851","64.554","63.462","","0.65%"
"03/20/2015","63.988","63.105","64.165","63.054","","1.38%"
"03/19/2015","63.115","64.075","64.222","62.640","","-1.51%"
"03/18/2015","64.082","62.218","65.112","62.163","","2.97%"
"03/17/2015","62.231","62.278","62.695","62.106","","-0.10%"
"03/16/2015","62.294","62.626","62.861","62.240","","-0.77%"
"03/13/2015","62.776","62.389","62.903","62.164","","0.61%"
"03/12/2015","62.395","62.192","62.620","61.772","","0.31%"
"03/11/2015","62.200","62.729","62.959","62.042","","-0.87%"
"03/10/2015","62.745","63.513","63.600","62.672","","-1.23%"
"03/09/2015","63.529","63.273","63.784","63.209","","0.31%"
"03/06/2015","63.334","64.003","64.222","63.298","","-1.06%"
"03/05/2015","64.014","64.679","64.739","63.842","","-1.04%"
"03/04/2015","64.686","64.284","64.982","64.145","","0.57%"
"03/03/2015","64.321","64.524","64.800","64.203","","-0.37%"
"03/02/2015","64.560","64.621","64.898","64.391","","-0.18%"
"02/27/2015","64.679","64.737","65.454","64.554","","-0.15%"
"02/26/2015","64.775","65.217","65.464","64.619","","-0.68%"
"02/25/2015","65.221","65.390","65.590","65.046","","-0.28%"
"02/24/2015","65.407","65.451","65.700","65.165","","-0.08%"
"02/23/2015","65.459","66.235","66.311","65.206","","-0.86%"
"02/20/2015","66.024","65.418","66.361","65.213","","0.89%"
"02/19/2015","65.442","65.846","66.180","65.295","","-0.64%"
"02/18/2015","65.864","66.304","66.769","65.746","","-0.72%"
"02/17/2015","66.343","66.604","66.942","66.180","","-0.41%"
"02/16/2015","66.615","66.459","67.015","66.459","","0.05%"
"02/13/2015","66.580","66.709","67.102","66.426","","-0.27%"
"02/12/2015","66.763","67.168","67.437","66.571","","-0.63%"
"02/11/2015","67.186","67.261","67.435","66.919","","-0.15%"
"02/10/2015","67.286","67.264","67.414","66.871","","0.01%"
"02/09/2015","67.282","66.825","67.500","66.717","","0.47%"
"02/06/2015","66.966","66.969","67.245","66.487","","-0.04%"
"02/05/2015","66.991","66.737","67.105","66.269","","0.33%"
"02/04/2015","66.773","66.608","67.072","66.444","","0.22%"
"02/03/2015","66.626","66.449","67.053","66.244","","0.23%"
"02/02/2015","66.472","66.966","67.413","66.070","","-1.28%"
"01/30/2015","67.332","66.859","67.656","66.519","","0.65%"
"01/29/2015","66.898","67.722","67.824","66.800","","-1.29%"
"01/28/2015","67.769","67.983","68.369","67.444","","-0.35%"
"01/27/2015","68.007","68.045","68.782","67.027","","-0.13%"
"01/26/2015","68.096","69.664","70.198","67.917","","-2.38%"
"01/23/2015","69.755","70.631","70.983","69.672","","-1.34%"
"01/22/2015","70.705","71.561","72.270","70.308","","-1.21%"
"01/21/2015","71.573","70.385","72.439","70.174","","1.67%"
"01/20/2015","70.398","70.042","71.072","69.939","","0.45%"
"01/19/2015","70.083","71.819","72.144","70.002","","-2.87%"
"01/16/2015","72.152","72.297","73.209","70.253","","-0.23%"
"01/15/2015","72.316","60.920","82.889","60.215","","18.63%"
"01/14/2015","60.958","60.731","61.242","60.689","","0.33%"
"01/13/2015","60.756","61.154","61.332","60.660","","-0.67%"
"01/12/2015","61.167","61.466","61.631","60.925","","-0.51%"
"01/09/2015","61.482","61.532","61.644","61.039","","-0.09%"
"01/08/2015","61.537","62.366","62.426","61.326","","-1.36%"
"01/07/2015","62.385","62.922","62.941","62.176","","-0.88%"
"01/06/2015","62.939","62.881","63.302","62.819","","0.06%"
"01/05/2015","62.901","63.131","63.221","62.693","","-0.48%"
"01/02/2015","63.203","63.732","63.799","63.163","","-0.84%"
"01/01/2015","63.740","63.379","63.816","63.359","","0.54%"
